id,price
15035,502510.1515889414
15036,488765.2472505247
15037,1317996.0705514029
15038,310990.817369286
15039,329154.43098559906
15040,301854.89554215985
15041,421831.2617116357
15042,701310.480289973
15043,284604.4448398911
15044,344094.30005105195
15045,674756.4232119928
15046,220860.92026012065
15047,533492.6651320473
15048,535244.0005893066
15049,760889.0927796824
15050,206732.4483799724
15051,423107.12935149996
15052,497826.6781278044
15053,1017847.9703045683
15054,400949.4722069961
15055,474958.72697067325
15056,586594.0089604866
15057,987890.4935752983
15058,347764.36555239296
15059,433203.436639987
15060,466491.56215625803
15061,323883.5459493477
15062,586996.8972210713
15063,289344.0525847284
15064,583057.1597029835
15065,796051.4055373913
15066,355043.7679460332
15067,622022.4787075778
15068,1082536.5639597345
15069,383899.3480142335
15070,548097.8574458737
15071,527091.7977079038
15072,541919.001803387
15073,390276.24589155894
15074,353445.0437137698
15075,735432.8494757169
15076,1137508.4161279988
15077,422995.66406784125
15078,216425.18002758847
15079,849205.2359900823
15080,479994.09571222047
15081,518319.0471598986
15082,650114.8488260442
15083,291498.7398847545
15084,558205.4023633689
15085,870470.1095271814
15086,529711.7139207409
15087,314457.2786110697
15088,488656.9496400619
15089,209809.52571441335
15090,363680.9491057923
15091,280714.86846801976
15092,242871.53271894626
15093,481082.3415365607
15094,293032.0646761043
15095,247253.32126988316
15096,544150.8311057047
15097,774783.1090751718
15098,480072.9811150135
15099,212713.2760007801
15100,497707.7033839157
15101,185381.20156268764
15102,481410.08620033506
15103,727951.0894667007
15104,472792.8279655473
15105,300894.630210612
15106,486048.766298894
15107,503976.9625382833
15108,382737.74471083627
15109,310090.9248957866
15110,255224.4248799443
15111,476731.765907173
15112,443838.14824684727
15113,403737.523088449
15114,214681.35417485025
15115,417025.967956856
15116,435403.41591811663
15117,313920.02988005045
15118,436949.9354670805
15119,637031.3169660389
15120,454979.5865196303
15121,240064.81100925477
15122,294007.6008859032
15123,716824.2883808521
15124,464871.1617801989
15125,584145.1451107799
15126,429068.3910925138
15127,931141.2225507785
15128,477897.8782754622
15129,240808.93807190837
15130,217683.0972859986
15131,222760.56745521032
15132,669367.4261430401
15133,1077283.768773597
15134,589284.6579526445
15135,621312.4634840279
15136,245533.7441712468
15137,700707.6467661981
15138,301839.476925842
15139,421900.8176164077
15140,644071.3736419922
15141,374013.68073353515
15142,448879.47789699666
15143,506953.3530421245
15144,608125.6752194975
15145,444694.53799826716
15146,516884.61405243195
15147,304900.65700198966
15148,252848.9451208774
15149,467276.4240354856
15150,423692.37769163767
15151,493048.14430252387
15152,300963.0194939603
15153,372988.3459767929
15154,873819.3363728676
15155,191091.70617655065
15156,391801.9948092263
15157,343488.4013693766
15158,357317.1037532575
15159,310429.7093309683
15160,500307.5081671927
15161,989218.1502437257
15162,464767.10701657046
15163,396099.64100273274
15164,487112.8302833575
15165,671760.0476233131
15166,1073189.8719701816
15167,569130.4010358998
15168,757365.938043592
15169,761643.085285897
15170,180256.5439431846
15171,490516.6668427456
15172,242997.77744374314
15173,624379.0233228655
15174,185539.63025638688
15175,217894.7665828863
15176,567084.4174186927
15177,316050.53001144924
15178,414713.35779268504
15179,881769.5441653823
15180,713237.4123070608
15181,282056.18154475477
15182,781610.7832831683
15183,281717.9659056038
15184,424063.61629286624
15185,374298.46708088263
15186,1067945.7231008618
15187,404538.007174512
15188,480725.19360078283
15189,363704.3020051899
15190,661638.6942961197
15191,250179.226979804
15192,485442.7746113307
15193,515051.4566068472
15194,249988.48733078814
15195,296316.9609973754
15196,571539.161534175
15197,549339.7523954705
15198,444635.71748517745
15199,373986.6940172074
15200,263556.1567363422
15201,654590.3040141879
15202,421721.2216960208
15203,195942.58445950688
15204,187837.54542382978
15205,366861.6777262008
15206,1407257.7919637652
15207,439556.1673222889
15208,334281.25944716483
15209,303069.43828069564
15210,329856.93875218247
15211,310565.23317505326
15212,712019.7551935189
15213,472307.0669446025
15214,340136.78917018964
15215,492695.7098728241
15216,246634.67921116014
15217,205801.3620237925
15218,436747.40296279214
15219,361937.6057004333
15220,341278.1503174326
15221,720637.7160573889
15222,258463.53681999425
15223,471298.0379285779
15224,580989.9655345762
15225,442300.51900932955
15226,208276.14313031695
15227,533996.4263652617
15228,474211.18010423676
15229,614087.1922784742
15230,374621.57810104266
15231,246749.02634685612
15232,515230.3744201336
15233,499656.90690715815
15234,1409138.681756526
15235,414349.0627049878
15236,383232.3820887715
15237,297455.4631230389
15238,567614.9326268913
15239,588096.6121546293
15240,428104.5902808993
15241,358362.5616689117
15242,496076.07016196515
15243,296073.4004936534
15244,666138.8119065712
15245,468357.45051123056
15246,558739.5746491059
15247,331152.9410729484
15248,615231.1272954526
15249,331333.2055414141
15250,1821155.251929222
15251,374698.7599690487
15252,688855.9489255106
15253,425157.3061033045
15254,424340.5480887532
15255,320022.7642349465
15256,311098.00458657125
15257,343668.0158052256
15258,551402.6530555072
15259,217052.1306538412
15260,473091.78590739396
15261,264527.985669781
15262,446256.5838632069
15263,344735.49790539365
15264,473563.15707597637
15265,763205.773598835
15266,400451.19464183657
15267,432044.2757271399
15268,435822.3639330791
15269,502710.39726399607
15270,829811.4431199151
15271,940318.3899486669
15272,290054.6534351327
15273,264557.1145025233
15274,596388.8142926975
15275,370892.0374351757
15276,550649.8709546847
15277,285758.715102195
15278,1182878.336606937
15279,274942.49811965413
15280,619650.6379515558
15281,1075840.7402535959
15282,400239.9220174151
15283,247189.5683316713
15284,1013253.1132331436
15285,906067.1081291286
15286,489407.865839215
15287,661069.086259038
15288,756847.9151682326
15289,712010.5877479325
15290,430418.8123709221
15291,452487.660649149
15292,440085.2772105866
15293,502965.0686272158
15294,754925.8819103057
15295,408558.69647179905
15296,214035.17932101525
15297,207389.04109028113
15298,888885.5707027962
15299,407319.87503544794
15300,288936.65972200385
15301,462252.9636486481
15302,186243.1854156281
15303,403444.8132699222
15304,803089.7603857763
15305,236978.16702239204
15306,539760.2250508147
15307,612348.9515623731
15308,513959.6903610494
15309,308989.84805616183
15310,412016.9057004139
15311,594166.9898407679
15312,478175.48402165313
15313,1743580.9827909297
15314,246429.24344886973
15315,1399742.1983469774
15316,364912.7673139158
15317,504622.5368782595
15318,517549.1295494288
15319,1421302.260916293
15320,575778.9238932879
15321,232544.69412815332
15322,695145.7178813788
15323,306131.7390235958
15324,430900.2048531396
15325,371830.6012660239
15326,681044.5774668865
15327,294518.3767111805
15328,717917.290810027
15329,470943.2961961582
15330,794083.178420389
15331,429705.49560416525
15332,463718.75767098507
15333,450084.1159685333
15334,289520.9746032937
15335,537343.3835486773
15336,361441.62061026524
15337,212763.19662185895
15338,589830.171190125
15339,324034.9012153868
15340,318991.8709343219
15341,332213.7883916592
15342,219815.75882704472
15343,262486.44104799
15344,730300.1623194392
15345,217408.28870767457
15346,442269.4705897144
15347,425146.98179721483
15348,1206649.42842209
15349,280699.6902909515
15350,357915.5112207459
15351,413806.0251938022
15352,1522144.397597907
15353,318190.73876018927
15354,295834.21764764143
15355,620304.4212552989
15356,729586.1961593926
15357,781903.7014910368
15358,1040093.2152716842
15359,359961.10402321984
15360,555247.1573905188
15361,256564.0033203436
15362,498327.99089150253
15363,491240.7128374693
15364,504538.74902138085
15365,438282.28611761966
15366,572792.6438963953
15367,439321.43436706363
15368,452578.24987190525
15369,442413.06140629627
15370,439030.03995668323
15371,327792.4459712006
15372,226312.27472873434
15373,339106.11699874
15374,376653.77653606713
15375,930341.7001438272
15376,486784.671538257
15377,450498.6881756495
15378,584430.1728184017
15379,310728.02713840763
15380,470115.82913486665
15381,741844.1959154531
15382,612288.7054146273
15383,722893.6527930364
15384,314395.0918433259
15385,1464699.249626064
15386,442633.0724465041
15387,569465.3840649158
15388,420347.87162203336
15389,367638.9500909158
15390,408647.096013197
15391,303523.7525286259
15392,279551.89149167616
15393,356245.0015998541
15394,426029.6883188093
15395,248631.21479864029
15396,272548.65239419905
15397,569324.8129930027
15398,228654.68753562684
15399,523848.102312785
15400,787436.6706189284
15401,438235.29467141704
15402,829670.6782484998
15403,260348.02858402452
15404,709493.6498073465
15405,386854.2962781223
15406,959255.5006123444
15407,355101.5331737301
15408,492571.05559969076
15409,627518.0352646541
15410,295789.4886111789
15411,494861.5444323091
15412,298065.98448711564
15413,259711.92304770497
15414,302448.1619117372
15415,534192.1700280422
15416,1263021.1988745553
15417,448993.8075348836
15418,407096.29991769115
15419,475759.3489609727
15420,557664.3412868065
15421,651775.6856115117
15422,797709.9502993887
15423,433613.6736930694
15424,476960.17354188324
15425,1583927.9908676816
15426,336075.52374757355
15427,679305.763451481
15428,620434.9624920369
15429,787992.2744946847
15430,430845.72973204526
15431,351109.341550292
15432,217145.69862723898
15433,487494.81847917975
15434,358298.2546940118
15435,781696.5333329537
15436,461051.05286679335
15437,1079866.3696234778
15438,566127.7042154468
15439,530232.1834817822
15440,695578.7054783739
15441,653622.2867428554
15442,523534.3652295809
15443,390519.4755844573
15444,439062.9407669659
15445,474338.17471580085
15446,453279.14126274793
15447,382898.6697920208
15448,252893.09147834967
15449,217247.63755818113
15450,309289.0372132177
15451,579081.7529831688
15452,288891.90496051166
15453,544554.529147747
15454,858432.1504819788
15455,1318069.462379116
15456,447582.8370808397
15457,502807.0889011464
15458,338205.1759746082
15459,963402.0555177281
15460,538854.2271236447
15461,415145.9927491173
15462,542481.9052729318
15463,183571.75881322232
15464,260236.68461337592
15465,755890.7220043226
15466,188601.35537700538
15467,462407.00768982974
15468,352396.23351713445
15469,237901.4222954236
15470,495194.74660804484
15471,625186.5766025316
15472,328845.0282978315
15473,573811.5890901438
15474,690405.660612552
15475,697039.1973520705
15476,575726.1141569366
15477,577199.4881942335
15478,344230.3650958617
15479,284670.09018210287
15480,345049.877784563
15481,223596.554933797
15482,1319786.7086332259
15483,297603.8891114884
15484,603459.0726902358
15485,228531.24864241548
15486,495578.5888460811
15487,472824.58336023526
15488,252487.2521619322
15489,309745.49729442876
15490,358727.15614041575
15491,261248.4602126922
15492,262667.3331230817
15493,338445.0030120012
15494,244195.88959247543
15495,338089.88064601296
15496,617181.6984584979
15497,893795.6588531209
15498,523928.03994130105
15499,672607.1872548456
15500,221847.0813843205
15501,560174.704972349
15502,350601.4235285229
15503,922315.5589168734
15504,554790.059151332
15505,218767.32292953375
15506,462173.5115166691
15507,513384.5799089597
15508,538862.8368014469
15509,202688.3370881584
15510,468562.4872367563
15511,1366126.17075326
15512,201035.09664381717
15513,258922.9148284177
15514,464677.0096510941
15515,1120100.704587295
15516,370258.77618548344
15517,379254.55229712627
15518,409017.1049183347
15519,340849.41308667365
15520,464280.26602010615
15521,440126.8759697024
15522,557084.1297031434
15523,701546.0603934444
15524,408566.98054704163
15525,630001.0447416297
15526,284579.51170924975
15527,2007521.7156022973
15528,302845.37121023843
15529,299544.4208335069
15530,272770.9938314085
15531,770318.6020357271
15532,357155.83556692203
15533,685795.90657014
15534,718535.1907479878
15535,565295.040019094
15536,446240.4658497243
15537,1069237.2883385725
15538,392874.1975603081
15539,682449.987726691
15540,561290.6105038121
15541,503231.9861203547
15542,245259.11728019465
15543,247838.25796862115
15544,1197704.3821136565
15545,1914288.255824168
15546,289587.0586354943
15547,364624.8603016872
15548,380842.7116742165
15549,677775.0844102901
15550,588010.3647412981
15551,724817.7575532278
15552,459798.4452025029
15553,309419.54314884386
15554,713163.7181992795
15555,332476.3963851595
15556,398495.6271900532
15557,671587.2356002206
15558,819984.6863559225
15559,368505.97299978795
15560,490273.0301266489
15561,1263737.9285005673
15562,279019.68931308464
15563,363197.5209042558
15564,294503.2304601686
15565,223760.6422162967
15566,953200.1505313851
15567,251576.35281652512
15568,231273.2283840191
15569,412304.60217735486
15570,608190.2570084617
15571,283642.3706987933
15572,626511.3393480902
15573,259416.99569173364
15574,380905.87370597007
15575,227682.02036196
15576,474981.374053156
15577,414716.24257571984
15578,769298.6007104729
15579,304747.3020192312
15580,661782.7427867969
15581,389518.411374894
15582,1513359.9798808391
15583,410750.9422158754
15584,741138.4653671638
15585,225657.58796384285
15586,863951.6215700749
15587,341882.3630930039
15588,228794.4824897696
15589,424951.41756980884
15590,1005727.4829967694
15591,310226.932034982
15592,1171087.4300711367
15593,239594.7249107705
15594,278597.3129638558
15595,323236.24430528167
15596,182699.2762939945
15597,357695.3894709208
15598,288043.9293143924
15599,490622.58762796526
15600,258872.46702986554
15601,273673.06986735616
15602,409492.38519596594
15603,373086.67816812854
15604,572483.3250747652
15605,624711.0807002885
15606,891066.3733864218
15607,940833.5994263715
15608,231249.48845414558
15609,986803.6327156996
15610,528447.1358606026
15611,705770.5190416152
15612,415441.4916417035
15613,317036.1077978527
15614,596886.5052067047
15615,416388.63344422204
15616,278887.3223224134
15617,686858.9232275338
15618,630061.3570568205
15619,407005.1153466598
15620,299240.3995767576
15621,691824.8132463977
15622,183505.66308003667
15623,148888.26817918147
15624,379953.27054848283
15625,516207.213031349
15626,1039630.0607889324
15627,545756.4811858092
15628,614654.7592292856
15629,252081.86577321036
15630,233459.13682467648
15631,337537.4538374426
15632,263613.82115869975
15633,554344.4345104811
15634,1437572.7055554201
15635,478314.9533352236
15636,320569.7011222899
15637,274805.729373416
15638,662706.20934066
15639,753176.6181329639
15640,453959.09912814613
15641,358024.81069617457
15642,1441191.0349046958
15643,617447.0239587238
15644,234398.3479174061
15645,625991.5714961549
15646,238418.07279517502
15647,821707.8430769418
15648,281556.4104016811
15649,373258.32101956516
15650,236099.12066729032
15651,509454.48781031667
15652,698597.4111399357
15653,211568.61587189342
15654,287049.33761801734
15655,541477.1342978324
15656,241140.6576552185
15657,338339.1836901021
15658,251073.0923534282
15659,242801.59145354643
15660,973199.9257606104
15661,282810.6753283243
15662,542907.6101303735
15663,1157487.4046192854
15664,335783.9500313923
15665,521891.7084435383
15666,277068.2749512601
15667,354044.1170087596
15668,198471.42598684947
15669,507715.15198013483
15670,249467.47960520769
15671,2544437.2553604743
15672,550333.0756687019
15673,271402.70451912197
15674,193052.56626811312
15675,671825.3914030693
15676,438477.8323774467
15677,598251.1990740765
15678,460575.87670515996
15679,424050.28342808184
15680,319592.2911317183
15681,1026363.7413345231
15682,613913.4054305276
15683,1555959.3264349964
15684,551001.6402858006
15685,326583.52698523307
15686,292461.73045184615
15687,271532.5875163372
15688,438606.45952261944
15689,352841.4677673971
15690,254213.98608906887
15691,262224.1558696858
15692,224216.37217420206
15693,981922.3825375336
15694,597916.7317844706
15695,421221.0779008925
15696,983315.9817807717
15697,332525.7208211591
15698,1023819.0228496882
15699,557257.732623268
15700,390922.8769232618
15701,261696.5320557854
15702,505244.123578586
15703,431018.42125129065
15704,568777.7328447773
15705,477627.479209184
15706,502332.28761173406
15707,306435.628979072
15708,412273.57400216017
15709,349801.9683459679
15710,159348.11047647896
15711,2587332.1965845674
15712,1068187.332343275
15713,228082.8527879871
15714,1133891.7894201884
15715,685671.4844217295
15716,458357.4483895477
15717,429546.9632987921
15718,894463.6411285461
15719,1002010.2722527201
15720,313472.0299579396
15721,401091.1392195501
15722,537748.4677005536
15723,326115.71246001753
15724,397600.09256643377
15725,338251.805815075
15726,539897.8615702398
15727,791663.0137625785
15728,246502.2972362686
15729,305132.525313498
15730,578179.8699965845
15731,740959.6256717714
15732,597154.3130828987
15733,521004.96092355635
15734,380519.88114521495
15735,602552.0435149785
15736,563303.5188056822
15737,535487.9650583481
15738,408268.25240697927
15739,482498.96512676805
15740,792714.5221965127
15741,658426.0451217289
15742,433361.4307973154
15743,564517.7023953076
15744,488316.215049857
15745,299779.17931813624
15746,712320.6378740786
15747,550714.466157213
15748,803208.6100530361
15749,787705.5671299039
15750,456785.7806306834
15751,644766.700957036
15752,592349.9924250571
15753,357057.2958398659
15754,256423.69682732574
15755,617623.8889799558
15756,366154.19928327855
15757,354385.79429015017
15758,559336.908588723
15759,388038.8085714923
15760,430500.55500952405
15761,576279.4779622037
15762,290104.9819280065
15763,1482194.684285048
15764,335871.11598685576
15765,454502.5860054357
15766,325696.7850448839
15767,476831.35063263355
15768,520867.11141722434
15769,613754.6027113853
15770,420329.7743721997
15771,542953.2604083219
15772,418749.12399323826
15773,1010687.155411298
15774,294541.22799275897
15775,874235.658456692
15776,637775.6672647367
15777,1020433.6900520247
15778,269067.5937829559
15779,234630.97656436055
15780,681479.9502544861
15781,469302.55841582385
15782,1399027.943802627
15783,207913.74996879438
15784,755324.1121338974
15785,267040.6879392154
15786,736001.2523548255
15787,350057.9778171296
15788,321026.3804161877
15789,347392.95190477744
15790,622709.7076885637
15791,414456.3923610014
15792,394847.9716374468
15793,440752.0867339043
15794,338472.49795418425
15795,195428.67290956122
15796,363582.7625459677
15797,861684.3530311403
15798,880281.2475337199
15799,760588.180095536
15800,344211.47174322244
15801,547726.5473229585
15802,571667.0036539529
15803,343661.7828947974
15804,311600.2138622812
15805,425293.9744217946
15806,265741.753334665
15807,735838.6967057767
15808,335124.0853150773
15809,902867.7967036548
15810,490908.5024586309
15811,191552.0424960691
15812,559153.9778816875
15813,254213.91754157
15814,321881.06726569793
15815,588352.6648667206
15816,440452.1474623769
15817,410180.4183634115
15818,504626.8071160563
15819,240364.86130707606
15820,388756.3122262225
15821,521977.5575369695
15822,230960.79240116515
15823,967986.4146298104
15824,625387.5393463251
15825,510857.35894461663
15826,220401.1674325536
15827,856195.8199226353
15828,1212408.1222103557
15829,576386.5787858296
15830,414230.31463781255
15831,533568.1272558225
15832,480896.0995231499
15833,564473.2455702694
15834,785445.1008261062
15835,487449.9357005855
15836,605108.5521646584
15837,576111.8189964942
15838,505493.197099803
15839,212923.0093561153
15840,693161.8134611817
15841,504164.97278836626
15842,507094.24880591483
15843,701653.516491238
15844,303561.0778218264
15845,839436.415766592
15846,197622.3445148174
15847,879742.598038605
15848,370246.41592116014
15849,292391.15487944375
15850,559635.8737278738
15851,421508.07074116974
15852,776687.2623488159
15853,336486.3653262863
15854,982798.4567545154
15855,517500.38709792396
15856,315341.0582338103
15857,672242.2161911445
15858,519477.47313608445
15859,301720.54325773247
15860,412661.7022301416
15861,703969.6168463317
15862,360619.2673106428
15863,205417.70789320947
15864,665416.9023742578
15865,251358.57071658626
15866,365801.8944472853
15867,270365.7865472973
15868,572735.1936236286
15869,855742.4480419563
15870,468508.8705013426
15871,237631.90892462048
15872,385848.4006186174
15873,580245.7184368582
15874,267769.35780475696
15875,788512.139327433
15876,925385.9151379697
15877,371405.612873469
15878,250238.53580891248
15879,435206.5930601353
15880,460203.3383489349
15881,692962.5552788351
15882,356273.5992897837
15883,210179.87974251437
15884,1380647.1915918617
15885,327874.7933265565
15886,289123.4408221577
15887,339262.07881271245
15888,420603.1388644894
15889,531131.3671790068
15890,573457.715071639
15891,338537.5444894802
15892,260687.30432679004
15893,545746.2965596168
15894,459030.4694803825
15895,543582.4050252143
15896,371863.6581054254
15897,547835.86255485
15898,271726.8219430844
15899,522263.8626677674
15900,271800.0875800552
15901,595283.5157106166
15902,335287.9661636046
15903,438310.47070745844
15904,203035.57886404614
15905,1436945.7365185975
15906,1224595.206505517
15907,616024.1912484397
15908,372802.07908323716
15909,854108.2897785141
15910,944224.7007410954
15911,381828.669700628
15912,458592.8773478508
15913,144933.48182559464
15914,1033648.7213588625
15915,454577.79860503535
15916,281007.90043111827
15917,219162.27739113526
15918,260258.46483259526
15919,471711.3506423439
15920,566264.7848753561
15921,506811.0545415725
15922,419817.4644341309
15923,503200.16287172405
15924,415962.3637783814
15925,624657.2367297377
15926,513530.5491613938
15927,592242.0327934272
15928,296462.4590980666
15929,502353.1458104638
15930,223718.03227957603
15931,357688.9277981446
15932,330676.47007639357
15933,672233.4163946802
15934,281935.840722184
15935,914066.099101219
15936,648820.8309484223
15937,485205.10359441844
15938,456678.9242581007
15939,652168.6427571112
15940,436470.7710993047
15941,454248.0249572376
15942,271444.1649420512
15943,195687.46339937233
15944,494896.50239173387
15945,253982.5228267664
15946,605622.2575543581
15947,340035.33073976065
15948,1062778.9273355887
15949,1502815.0596933202
15950,425816.15169608005
15951,258338.015455744
15952,750166.5281116158
15953,782938.251282835
15954,1002702.7097279571
15955,650112.6014175778
15956,588065.2121800145
15957,541231.0599780172
15958,1001364.8070390354
15959,275115.15792803466
15960,377578.61307385983
15961,634433.6750495066
15962,244124.42330177716
15963,193627.14019445356
15964,516597.0797202484
15965,368173.6360642551
15966,287298.5430672822
15967,492608.5981389521
15968,1047660.0572630797
15969,548442.4349752786
15970,544251.4508703946
15971,295751.3283643711
15972,354188.7880456604
15973,241761.3588303172
15974,608386.4089867449
15975,669079.9642063916
15976,790807.7486630467
15977,375447.12220765837
15978,835445.1775179548
15979,178287.07486945606
15980,247789.44064298947
15981,665134.4598519907
15982,516244.5566609587
15983,538690.480230825
15984,147808.54723040925
15985,1166305.7204957793
15986,396825.9037737785
15987,2569486.530135538
15988,323565.5811204963
15989,163257.22844785167
15990,431391.8641874114
15991,274825.0881536068
15992,435369.7016973489
15993,534946.6057653608
15994,145698.13215309824
15995,508805.74049199576
15996,487158.3287975134
15997,359366.4847639262
15998,172425.85758178937
15999,212098.38360518526
16000,386915.5556311309
16001,268830.97546396335
16002,419086.14895199
16003,630371.6712373728
16004,706943.268983565
16005,666525.9065675945
16006,306392.36151581374
16007,733356.2032545857
16008,581983.826186902
16009,396498.36057218636
16010,448606.82478062157
16011,1122857.5753281787
16012,310255.5899846013
16013,520555.3678601808
16014,280853.71328285633
16015,1051936.7845204796
16016,595509.601892155
16017,959638.3692152607
16018,494693.9282606178
16019,198674.6292139381
16020,708272.2447587783
16021,441293.11080823257
16022,417331.06205896044
16023,648791.7428990466
16024,565245.1597882865
16025,322779.1374502001
16026,387860.9100272529
16027,1549226.48157863
16028,270621.78539950936
16029,1870273.2403934198
16030,712146.9332567335
16031,299239.275843689
16032,202222.3029643735
16033,501597.04757383536
16034,571878.6227193921
16035,412167.4514257297
16036,324446.23840773205
16037,566465.6320807073
16038,261947.39123264968
16039,312361.53344155656
16040,817656.3581793329
16041,928269.2275691599
16042,369551.07826184086
16043,529248.9807646902
16044,250044.84984695667
16045,483717.5913063576
16046,305108.0489460059
16047,649558.2454377302
16048,417455.77141172526
16049,367075.2325897273
16050,244819.88743129192
16051,797833.9928558213
16052,466634.35446624283
16053,206833.47518454064
16054,555093.4879685338
16055,458001.633307593
16056,373402.9510514489
16057,279572.6422637983
16058,1327098.7235138328
16059,195252.81447425508
16060,292127.27874364733
16061,403605.0069686124
16062,405690.1470130796
16063,790683.4080995509
16064,816360.0258718957
16065,613376.9289687993
16066,258636.4860782947
16067,392575.1726084109
16068,834787.5234448804
16069,322604.0470329977
16070,654661.9852118444
16071,206614.93006431192
16072,601497.8244368278
16073,506838.34852650913
16074,250834.37433880827
16075,529879.7187064725
16076,216666.11126124332
16077,557698.4874956082
16078,693898.7745782193
16079,819962.6499336062
16080,197653.49182295435
16081,725680.583333308
16082,368107.51816401957
16083,658586.1843434233
16084,459808.0708329726
16085,569819.6261787034
16086,321304.3372947018
16087,561448.5834972238
16088,495674.1480018112
16089,417273.1267858495
16090,365113.84113757673
16091,583321.8433703256
16092,371637.6730792185
16093,279857.98882876826
16094,664332.0427370352
16095,425672.4437369624
16096,688061.658078012
16097,537362.9530053205
16098,329177.7939916961
16099,227244.92422296054
16100,521112.75073024485
16101,832688.1782987112
16102,321520.79792217223
16103,692365.3373951339
16104,394122.04112454975
16105,1926005.6642311476
16106,428184.0315984672
16107,2403824.7601344464
16108,344861.21605553565
16109,714929.2872518937
16110,575374.3453312534
16111,1554336.879609309
16112,391221.2239172213
16113,1384516.6189050502
16114,791677.3991504541
16115,240262.6054630259
16116,676482.7980573368
16117,199389.10956471114
16118,580497.89660002
16119,490435.3516370318
16120,700539.8651671828
16121,204062.1080558534
16122,263669.3959674766
16123,150420.5057175369
16124,733086.5860662096
16125,262093.8098081032
16126,2444097.564172414
16127,521385.96496558806
16128,398658.3773389136
16129,386006.9470917522
16130,320774.1111297417
16131,725597.0465727826
16132,825133.0624122573
16133,806521.0400546642
16134,404497.1530264223
16135,572253.4189769556
16136,302534.8175594339
16137,696365.7862085962
16138,370628.19382980414
16139,264604.195368436
16140,239425.4979728959
16141,1080874.2847239033
16142,927925.2131376843
16143,208709.82675649715
16144,207517.83516782045
16145,457986.1945311783
16146,203497.79928268323
16147,207333.9849528176
16148,604317.9067935875
16149,644365.1763295062
16150,383530.6991902989
16151,877987.086519486
16152,488245.8074522607
16153,462776.9566379271
16154,377864.85303370433
16155,594170.6089344017
16156,309586.2280054253
16157,695615.1258435936
16158,394084.4592012373
16159,472678.3947501834
16160,343208.18599071976
16161,464805.5337166889
16162,606241.2673107996
16163,217460.7981818896
16164,759931.7901874188
16165,641662.834638429
16166,366213.09203248884
16167,279339.1008338294
16168,349619.8145542248
16169,322988.7601910657
16170,762707.8425926768
16171,249010.83485597954
16172,935864.3450152185
16173,292138.24004545226
16174,222717.28652866196
16175,303924.2868671728
16176,256985.6539172748
16177,612484.7696877753
16178,388104.9430288581
16179,490490.93209508434
16180,366072.23839825514
16181,888617.9228372123
16182,1041595.226969071
16183,355059.52543657477
16184,275287.3592861017
16185,256439.0224206823
16186,341759.61838778376
16187,230740.80350668923
16188,721498.307686027
16189,357459.9427528605
16190,332278.89489332895
16191,679504.7826272364
16192,641715.115555898
16193,632524.2041492092
16194,353290.68906348536
16195,460075.79296723957
16196,185757.86834033096
16197,639629.93136283
16198,249359.7844468409
16199,260282.06110893385
16200,205264.55077185744
16201,1154525.0872036894
16202,639766.1483186549
16203,616985.4364784698
16204,348723.0433806366
16205,253725.19486292524
16206,425267.1830406923
16207,372372.7272927733
16208,650331.2577771037
16209,432815.59261061606
16210,352235.7246401511
16211,275554.53337882773
16212,4201100.746194862
16213,308021.535300431
16214,438947.46309413953
16215,383932.83110151684
16216,233238.85075720574
16217,505642.53469853
16218,433773.7374519153
16219,612619.2623611655
16220,770507.9329098696
16221,272396.1823901885
16222,954756.2606541604
16223,330379.9072704911
16224,460303.69225341716
16225,566842.916440432
16226,577564.8787329805
16227,503749.86914271297
16228,724058.4804115377
16229,551726.3613703925
16230,400611.53478730004
16231,301666.7070522124
16232,559431.4713879551
16233,264345.38577779493
16234,1529596.4571829587
16235,375584.9602785786
16236,573627.2985709233
16237,608508.5488223955
16238,707438.5215406202
16239,738448.8631086021
16240,411404.37515454734
16241,718056.9756848718
16242,724214.6960305615
16243,283907.7296681958
16244,274848.54102947336
16245,591772.7047922148
16246,248523.00042892108
16247,215427.00443476732
16248,716748.6019052623
16249,278600.9028726808
16250,469539.21902493166
16251,370544.6408687492
16252,1127766.6828870878
16253,169432.71975978924
16254,311859.21588742017
16255,518399.3438661645
16256,1086782.2617368565
16257,475356.7621265948
16258,383346.3945355528
16259,411715.36354084866
16260,523571.1561664346
16261,316573.782362703
16262,614263.5010542164
16263,346476.38088201004
16264,288238.1941563672
16265,391312.11280456226
16266,570077.0083794189
16267,726741.6506414502
16268,610851.0285775049
16269,491936.6728488451
16270,792552.8866425303
16271,461075.73377516743
16272,577019.0221714051
16273,556148.7975668497
16274,372427.8233144096
16275,206443.59815353277
16276,195973.29946511917
16277,370363.1763649188
16278,590927.0216602916
16279,761903.3404706216
16280,171700.7715696113
16281,908058.3672200149
16282,287145.88318818575
16283,403278.0204348961
16284,526330.5946916423
16285,1101364.1415236816
16286,498952.92936349387
16287,711276.6649537904
16288,2003923.0396057635
16289,270497.81390417076
16290,1580326.2677713293
16291,286855.7818230955
16292,460657.2623551521
16293,231832.300637237
16294,1587783.2163436606
16295,420685.98010489414
16296,390256.7567102094
16297,262522.6911341966
16298,674896.0329157069
16299,765248.9859982409
16300,811119.5385347143
16301,1110315.9382909113
16302,451959.3420816247
16303,549892.6339786736
16304,1094340.0319819893
16305,786142.3120566326
16306,344325.73494784837
16307,1161386.801275697
16308,452409.1984918317
16309,300739.0689639237
16310,301385.2598423968
16311,617076.6456640683
16312,387375.96963386156
16313,227446.35036824804
16314,444425.76897685026
16315,495259.39552244224
16316,470972.90368480515
16317,413256.7258150713
16318,314356.1283437673
16319,324648.92016226635
16320,839750.9062252702
16321,232387.58833656186
16322,235886.47365497495
16323,407464.1500604957
16324,478961.8178134864
16325,632026.6843855215
16326,629356.803455695
16327,401166.2630285789
16328,214468.07179582433
16329,310627.04723655694
16330,427071.0023169764
16331,883017.9246765818
16332,294348.5711161838
16333,972116.9187744864
16334,383959.53189430275
16335,459743.58126563195
16336,851525.3803946105
16337,618018.2505756787
16338,665039.1557225293
16339,287049.0718820752
16340,229632.8131831431
16341,835719.5857707929
16342,1231291.6485016865
16343,414540.4573664191
16344,462703.7930402651
16345,851944.180101309
16346,342480.7327722012
16347,357627.0054053992
16348,658157.8673818979
16349,602205.1484884907
16350,2138795.2530270377
16351,311036.90398189187
16352,447166.1060568866
16353,576508.7493708851
16354,322696.4186706742
16355,452264.4314647719
16356,343856.01930576714
16357,573245.1821732539
16358,680503.2664716829
16359,730359.9385650172
16360,1019754.6495262126
16361,611068.4749532712
16362,772842.3112627927
16363,205792.47387058966
16364,552854.7804332736
16365,1178976.26120695
16366,220979.34716630753
16367,306609.23454920284
16368,353650.20586528676
16369,335425.8879739384
16370,619256.4386574101
16371,683106.7834561755
16372,385667.99506589293
16373,246998.69133116573
16374,475064.21779496147
16375,396175.8054545407
16376,605279.9410706765
16377,357255.9578860199
16378,629281.8476873031
16379,1429481.3615265733
16380,252768.4689081568
16381,318255.9106768674
16382,241471.92314274516
16383,538315.7331290735
16384,441222.0287657014
16385,990439.2335525291
16386,301155.5513502736
16387,611594.4761436753
16388,414519.13175715914
16389,298172.2050389695
16390,442516.5440813754
16391,346987.55292717804
16392,623338.5376503986
16393,718489.6832167779
16394,699311.0892876761
16395,254311.3805951507
16396,384405.542932677
16397,321963.364222227
16398,194746.55459879382
16399,654893.9054618671
16400,268305.008264953
16401,3261991.847146156
16402,647445.3578184347
16403,353597.87759806984
16404,465538.2192001791
16405,366863.24617010064
16406,560434.3733039297
16407,768701.401895009
16408,216648.16807601895
16409,493537.47106261447
16410,461535.36146919295
16411,570550.0510495468
16412,594722.5574581373
16413,371570.8314271455
16414,355342.477586887
16415,764474.7573142321
16416,316786.10651086597
16417,558109.1438385384
16418,143039.44690034923
16419,244737.59144422237
16420,339609.57036799693
16421,892250.8812104539
16422,250872.99214090742
16423,382441.6433503572
16424,358552.5266660573
16425,310536.17915769067
16426,489841.5554466167
16427,589376.4933852946
16428,474268.1781716458
16429,280050.0388308393
16430,641080.9011542631
16431,480779.4122831936
16432,1487090.835880843
16433,764794.7820422306
16434,856384.8046117936
16435,954100.503944635
16436,901940.6396887262
16437,323645.0084848617
16438,668306.0147885556
16439,602001.9051705311
16440,560457.0716312351
16441,593916.7303755468
16442,829314.3763415188
16443,408635.8119643109
16444,424523.1951672963
16445,787014.0766131949
16446,524585.6046714024
16447,322560.60388573847
16448,723532.1902676482
16449,317819.4614556447
16450,685675.5523060366
16451,613195.2910994259
16452,531757.8325404252
16453,825977.2628058248
16454,828134.6121670753
16455,587278.8571567959
16456,412949.6267139476
16457,408470.7567496468
16458,601044.5067097216
16459,1165024.6472477892
16460,606469.9787205963
16461,439525.98971488135
16462,390988.5369355135
16463,254835.7068145289
16464,456244.38088949345
16465,378946.4136627805
16466,465554.8181062849
16467,219936.56828191743
16468,678869.8181787125
16469,740642.0039479119
16470,1024956.2749265579
16471,798943.9684899712
16472,248037.55908753688
16473,707427.9426394004
16474,414265.58965775603
16475,503186.03608966724
16476,615449.8103718266
16477,485357.89105177525
16478,382632.36214586545
16479,1419845.827916369
16480,268627.6423795096
16481,326145.7700042121
16482,1582500.8491578319
16483,394683.3554671348
16484,1006983.6636322618
16485,614314.8929246205
16486,371404.5343797456
16487,402706.49093174865
16488,417165.42071274685
16489,802557.7945171259
16490,476966.076215238
16491,698578.4360639318
16492,564715.5905792745
16493,314029.21341989894
16494,524671.2435259656
16495,725165.4689154247
16496,364979.0710778557
16497,596715.0005077397
16498,317672.49800648855
16499,664656.2741196962
16500,450583.0878254826
16501,232292.19999465105
16502,921428.6968307816
16503,384337.99662955385
16504,257882.04935820895
16505,396457.5466444116
16506,209791.99902762487
16507,363925.24346771865
16508,192971.6929433526
16509,313888.2759147627
16510,240612.2343796363
16511,250995.17015239035
16512,600024.9854495837
16513,782984.0780029489
16514,723525.5823222718
16515,238141.7808099169
16516,349676.2574948895
16517,596797.0274334212
16518,726321.1592412313
16519,795481.0066187731
16520,216399.01211511032
16521,871882.7365832968
16522,211195.49035013202
16523,261410.9476953369
16524,653051.0190150085
16525,881956.8017040582
16526,206695.17995363884
16527,857563.8085324513
16528,627196.9101081075
16529,458929.7551655102
16530,851260.0150296531
16531,359121.4501026219
16532,657433.5862908949
16533,419965.7930145738
16534,692005.0656025546
16535,190885.1441147552
16536,238993.67805792065
16537,438031.18922099745
16538,893479.6892514612
16539,604278.8901236015
16540,211250.53784418094
16541,254884.86049853644
16542,378357.2504500717
16543,393031.56791319704
16544,257124.7162721805
16545,281401.9575269644
16546,300150.3955929248
16547,313603.8323466265
16548,538470.438228425
16549,406347.0032354543
16550,333950.8421591345
16551,307133.8168016563
16552,719230.6042548693
16553,152036.8277423495
16554,421042.3456731878
16555,265389.9340427361
16556,570436.0829363349
16557,314311.6981914627
16558,714709.5788144809
16559,255394.42584834693
16560,678237.5060839785
16561,451156.4778990328
16562,452673.3305379342
16563,393633.34024076187
16564,577811.650837345
16565,456815.0350931467
16566,354561.8898142178
16567,583982.2807423098
16568,417182.70478215016
16569,329565.9425570816
16570,362025.23881186196
16571,170408.615566105
16572,846378.2849504191
16573,268233.8003195384
16574,643305.1748617897
16575,712928.1950323002
16576,324965.73708848876
16577,461584.33118054684
16578,302192.6927474426
16579,495088.4419936958
16580,503985.1983061911
16581,291295.05973941326
16582,412739.5161682852
16583,578334.9866489295
16584,410015.8543861683
16585,582548.5099476571
16586,184368.67814439826
16587,781568.5407141618
16588,345455.7068516672
16589,587702.1994491345
16590,269550.74094765354
16591,481915.59237495903
16592,275721.92329093226
16593,288090.5623153054
16594,532572.235597812
16595,738931.6447604703
16596,822635.7174167755
16597,274496.316388749
16598,407443.54762031266
16599,777200.4742095188
16600,286081.47473424167
16601,919213.1656406209
16602,186417.98136223058
16603,281215.5898829576
16604,451962.2682441179
16605,268486.61526641616
16606,785789.7808743092
16607,306886.38070808275
16608,415122.82140292606
16609,597207.2408358371
16610,279136.33862252266
16611,336426.012133644
16612,909954.3325973462
16613,627013.9287751482
16614,953723.0740624758
16615,408146.07453677047
16616,322507.90755382535
16617,506628.3602869549
16618,316598.56584854797
16619,275981.39686382137
16620,519267.04823309736
16621,271135.9823208799
16622,383661.25404383306
16623,370017.95905043493
16624,688278.8064625656
16625,335216.5319803069
16626,671773.5116763856
16627,217292.56729341685
16628,500518.4521845883
16629,602760.911156913
16630,722616.8562551603
16631,459650.88257569465
16632,424289.85239475645
16633,263895.30400502414
16634,474735.0150015036
16635,218961.8808286331
16636,219713.0536027476
16637,233645.31064700268
16638,468126.3279318715
16639,287167.97931160196
16640,298310.1447621048
16641,1402372.2931769993
16642,665564.3238047551
16643,542114.3427918772
16644,733549.701940299
16645,504575.0066681159
16646,222472.9239182855
16647,610884.2555018
16648,443800.62426972575
16649,512112.11441715836
16650,264468.1339889674
16651,350572.7261063564
16652,518474.78945099586
16653,374125.98527582275
16654,533586.4727036902
16655,496981.06299790775
16656,537093.111234522
16657,743253.1423950121
16658,476200.20515837014
16659,539283.7092125565
16660,361654.8334574795
16661,245794.17591711908
16662,752822.2942160291
16663,331646.3270347077
16664,538051.2690923843
16665,1279893.506692032
16666,394727.04540504457
16667,536292.3934445606
16668,194385.49097379527
16669,265355.4417824288
16670,263535.08007733215
16671,633446.7969614756
16672,891522.34359049
16673,389507.2959625653
16674,254621.67533048897
16675,334190.7751556044
16676,503985.48573221837
16677,257106.96365684565
16678,784087.478537407
16679,305693.1231111724
16680,263481.78322180617
16681,503920.7379339651
16682,485458.4827446711
16683,301410.53610608313
16684,260564.825232046
16685,370848.3887679802
16686,388925.4765304507
16687,2422683.4724540445
16688,522225.86845919193
16689,471278.3306033
16690,411722.4921219818
16691,1348058.2627233006
16692,280058.6625660037
16693,567806.7361682153
16694,268436.0230613279
16695,302614.1912040289
16696,1765372.3166192365
16697,1024094.7497734568
16698,675587.6550253913
16699,219429.99124471968
16700,392591.0089774299
16701,580950.0944226743
16702,557545.6355534402
16703,412036.99026137794
16704,398406.1485005653
16705,589092.0115297819
16706,541371.3665009795
16707,506307.96213405987
16708,433513.6765489703
16709,596282.3383666388
16710,456972.3316071603
16711,496582.304674187
16712,310089.58667026245
16713,430113.2862889051
16714,817735.4651888105
16715,229962.22494947835
16716,917544.0983779321
16717,612931.5687399488
16718,751045.215127622
16719,520226.3413200052
16720,225498.16339457457
16721,169305.40015724197
16722,532309.3460576923
16723,358468.9942563668
16724,1382191.6165582156
16725,560189.2997615528
16726,206545.60019820504
16727,3557286.3158007157
16728,268220.56637361133
16729,332974.59623543144
16730,449560.21176378545
16731,495699.06472945894
16732,434416.7782015045
16733,230351.56516243922
16734,913425.336839574
16735,495665.0794332167
16736,768557.9557739268
16737,518663.4810942813
16738,213746.71072991652
16739,629985.9108534699
16740,442401.69648391457
16741,194152.33899524316
16742,705889.5444684641
16743,286946.80266277975
16744,648500.0598992008
16745,516872.1263355878
16746,804734.3250753473
16747,332856.98062987044
16748,1129952.0329534241
16749,383647.75984930736
16750,451425.91346093087
16751,358540.1603607987
16752,311723.03141621745
16753,747829.8061849544
16754,303876.5982751986
16755,824585.3517330645
16756,680749.4926778199
16757,334049.5523904721
16758,272311.71158529486
16759,322715.7389570559
16760,564837.2094851808
16761,416363.29001783713
16762,570846.3282607214
16763,383015.0058131246
16764,316081.4420591058
16765,336537.2833860127
16766,449119.57273932314
16767,598612.0060248668
16768,424477.62013407535
16769,487464.63451750966
16770,232692.59851829123
16771,742453.671437701
16772,342824.32451172406
16773,513318.060057112
16774,202100.87780557925
16775,481629.21932269505
16776,490995.5432444771
16777,535476.0907282872
16778,520131.3185578297
16779,224591.99886120242
16780,652001.1212747562
16781,1685734.0484302768
16782,785260.3940415848
16783,323422.4906378641
16784,725067.5611991986
16785,770326.7984918235
16786,236306.95430041588
16787,515360.50915258814
16788,401119.5743272039
16789,639035.4739090613
16790,316087.05210443
16791,412874.76664994436
16792,592461.5283746409
16793,341824.61807789694
16794,559128.8974992584
16795,402213.6237904628
16796,782537.7223375855
16797,1059709.0618170085
16798,488593.46568624256
16799,582117.974509396
16800,456313.64766126167
16801,480834.1159358812
16802,233789.93150529978
16803,192449.22810754983
16804,1428542.5521601404
16805,498727.3113444505
16806,466427.20532922336
16807,751853.3111356044
16808,895657.2513596448
16809,761576.5794900159
16810,383199.12157531193
16811,633137.9409901915
16812,307722.6872877587
16813,355778.2809489364
16814,549688.1044200318
16815,201271.22516553634
16816,694610.9049787904
16817,489349.5871209878
16818,636744.0128324527
16819,251116.18760970596
16820,538683.7273485012
16821,695472.0795400877
16822,737481.4175463475
16823,1150692.2067849145
16824,205322.33058328307
16825,267476.58353255724
16826,419667.00445936737
16827,838516.6480193307
16828,582501.3732542571
16829,512656.95603709616
16830,395301.2660817882
16831,352878.5798255687
16832,595533.9419358814
16833,368153.55329916585
16834,233825.69664280082
16835,436256.97499672015
16836,1027551.1444929757
16837,343935.73715154314
16838,683162.1418215103
16839,478628.5369982742
16840,355711.3774898197
16841,374636.8455377702
16842,339062.8251814282
16843,807841.4048727045
16844,216433.6416378935
16845,559741.3997623071
16846,608967.0883602545
16847,574785.0509511979
16848,604299.6544722838
16849,506312.0974717169
16850,553894.3398194531
16851,706322.610000534
16852,951785.2939066841
16853,363759.2066279485
16854,398159.94331924967
16855,246746.13777182918
16856,526183.4929369559
16857,480994.3953742876
16858,1323855.1032252961
16859,405981.5543888393
16860,320532.0793178139
16861,697957.4689775774
16862,412443.94371047826
16863,219989.02778470414
16864,379436.9542750475
16865,397166.5029843533
16866,286656.94466227223
16867,243860.18550147474
16868,322928.3361316068
16869,335397.6329631875
16870,242342.2339418149
16871,603029.366420324
16872,502178.65815986943
16873,504039.78678079287
16874,787673.9692800366
16875,342620.8807998704
16876,851017.0305071814
16877,541407.4269776524
16878,449094.3933182483
16879,1012510.2886048716
16880,803267.1970370415
16881,1442608.7209062276
16882,173547.00507737917
16883,179790.4471152041
16884,260325.09326618243
16885,454128.46999196045
16886,234933.76559545562
16887,789357.5075339153
16888,233649.3466217136
16889,803665.5821133844
16890,317764.1409129693
16891,485489.5784845008
16892,301994.0163066207
16893,256223.75797997223
16894,281749.4481131235
16895,538849.2844212989
16896,466866.55399817287
16897,275548.73641230643
16898,363476.658122823
16899,243401.15063485136
16900,259584.62301327728
16901,1040590.0141636624
16902,637884.7242663599
16903,702680.1953085405
16904,564409.8689626338
16905,270382.1664564647
16906,1239563.065082873
16907,490351.8170246634
16908,400079.7629520444
16909,420590.94494650053
16910,275921.79426455667
16911,282946.08742845745
16912,279575.8235940688
16913,290385.6871209022
16914,955388.2324102236
16915,1269736.828647797
16916,401709.97674676665
16917,1118827.8391123693
16918,209612.98021218425
16919,261683.82900688704
16920,431309.6969754428
16921,521740.3819908688
16922,264318.2433293875
16923,274196.0951719753
16924,706291.6057283366
16925,486190.0836047425
16926,1110659.5206004244
16927,672714.2112479524
16928,379980.85214990925
16929,378220.4071705706
16930,503384.23406501755
16931,434860.2356675125
16932,495962.7319993867
16933,569678.1700212307
16934,227139.24155406054
16935,255380.79230764465
16936,724826.0331248323
16937,244293.12215409664
16938,284313.1196561151
16939,856577.941570933
16940,437957.54678630433
16941,340992.5867137259
16942,217065.1773823648
16943,847543.674572302
16944,622182.0473160743
16945,239877.53944851816
16946,707711.5310898875
16947,486033.80773447687
16948,939342.077129483
16949,281198.3009379492
16950,377286.469514559
16951,213283.2484852553
16952,579549.3647969029
16953,318056.8834296091
16954,365037.07129326294
16955,883295.9421613729
16956,877494.4223554676
16957,310311.26357395016
16958,515702.26054876746
16959,614667.0720597969
16960,197847.65361879647
16961,538157.9865034452
16962,510024.54446521157
16963,431476.6127394908
16964,491731.14995243977
16965,700977.4973140524
16966,1252232.029943482
16967,952804.1891472196
16968,199838.08515987627
16969,585245.456735444
16970,288889.34604938567
16971,328173.8299747109
16972,316171.3437734922
16973,641007.6060808984
16974,662723.1336535257
16975,499400.9578813921
16976,174122.6441395927
16977,393277.53274204134
16978,246020.88918802803
16979,559296.048730778
16980,243254.00846372588
16981,574355.0086889036
16982,826083.4248591097
16983,575290.8472043191
16984,236145.47400334172
16985,327386.0054094192
16986,360068.87977862277
16987,259642.86595208634
16988,257216.01003063354
16989,587055.7565575998
16990,233020.87523368164
16991,281480.20334416744
16992,540574.8589817873
16993,661950.9214262728
16994,306824.20926596824
16995,278083.5518087238
16996,457278.80035829055
16997,823140.0015219543
16998,328005.10344912705
16999,1997584.291225777
17000,467554.14997945575
17001,1246871.6095218307
17002,172565.12749771128
17003,407013.28835213295
17004,226333.09839020495
17005,228299.3264041534
17006,1168515.031185327
17007,714979.0379475305
17008,478863.5120885645
17009,210876.60625381183
17010,274688.26894209627
17011,244139.4851820131
17012,580969.6626529817
17013,464361.12705078727
17014,653882.5429029134
17015,331175.2506829898
17016,419718.1311842509
17017,206048.13407986605
17018,931889.6692240279
17019,337034.22250249283
17020,505080.13552601315
17021,242262.10697243275
17022,652138.8317463304
17023,592780.5631134919
17024,699997.7451069565
17025,255066.00145142537
17026,286327.03152858943
17027,415048.72746249737
17028,1162593.4562082798
17029,1072147.2585265932
17030,599876.4935962862
17031,777801.9638374824
17032,813295.137329847
17033,534474.0623510457
17034,231197.4515435429
17035,221188.44285804615
17036,303635.6825970885
17037,314469.40714851295
17038,478812.7671713668
17039,544651.4303506811
17040,751721.2623937328
17041,543487.4608407143
17042,194068.82688122967
17043,359665.95029545994
17044,590514.6786771273
17045,564608.8561350382
17046,684181.2020245772
17047,577519.1529506855
17048,242392.09436035942
17049,811106.8843994371
17050,378601.2407870288
17051,400438.59122067684
17052,283227.8474075848
17053,246781.372885505
17054,258830.4810751672
17055,226338.90701890612
17056,290090.49534486554
17057,275358.92523702007
17058,327886.5621920282
17059,366445.76299046725
17060,789056.8478293318
17061,1270276.2524934565
17062,230112.54736275066
17063,543881.1847828005
17064,1320233.4060969441
17065,346018.34926454705
17066,399089.0922308334
17067,406442.0423692541
17068,635224.0915929361
17069,574077.6891854822
17070,229256.38068376857
17071,786465.5993608561
17072,152491.78061453794
17073,693827.130744569
17074,231804.26717270951
17075,217934.09226397754
17076,359515.72617420764
17077,232014.94826414416
17078,226514.20299302152
17079,451515.08431567636
17080,406065.94936651865
17081,226249.7999729429
17082,243092.2052470906
17083,314861.06408530567
17084,630587.6879635149
17085,678158.052897157
17086,865021.7124492796
17087,741043.9019104202
17088,632916.2049926571
17089,412643.39177826606
17090,272832.86898824625
17091,523149.34668813273
17092,514753.34305579896
17093,343461.4852724477
17094,239843.78928673646
17095,699295.3721384894
17096,177267.85042304528
17097,756700.7644787428
17098,318745.19788987807
17099,291848.78993407276
17100,566170.7478204223
17101,228687.45266223693
17102,491727.65165426926
17103,242695.20833336248
17104,545376.709544236
17105,280034.46282059373
17106,955129.6908572287
17107,554664.5658597394
17108,427338.02966763667
17109,741727.0659988504
17110,674244.6770092482
17111,706697.3095034148
17112,362277.84395304386
17113,587176.6549055127
17114,510231.9020651256
17115,479144.0300162848
17116,415888.5937423219
17117,299419.98443474394
17118,400617.2288024747
17119,308423.7588766667
17120,550186.8125193344
17121,371799.86267318006
17122,267427.83940395573
17123,230862.46078186875
17124,267107.9640632336
17125,2694124.817240843
17126,632031.16077292
17127,683800.7093416054
17128,383021.9761042721
17129,866472.9541022459
17130,563303.8311444067
17131,352002.3130855861
17132,200414.4888143905
17133,295097.5848915657
17134,513238.4698989613
17135,319236.6267614799
17136,449310.7526640724
17137,444429.9844484302
17138,721785.693657574
17139,300288.1255201556
17140,401170.1512050669
17141,165628.91595392555
17142,415381.1412499029
17143,243486.5811559308
17144,1112690.0225674163
17145,726278.7907193031
17146,780210.7908781825
17147,442823.5852330107
17148,229105.57017042272
17149,500188.9130600972
17150,288259.1997098978
17151,505302.82208662195
17152,659297.481187545
17153,574910.2509611088
17154,599170.4291508298
17155,312185.14249333943
17156,796174.3723771482
17157,334164.8063599367
17158,338167.3354736295
17159,426600.92357824737
17160,364248.7872889016
17161,525822.1946278465
17162,296823.84021569503
17163,506251.32789215056
17164,182572.32782381348
17165,559504.3189173901
17166,351042.1490012686
17167,372710.5050948162
17168,333926.49521054875
17169,306490.1604151714
17170,768272.3194156452
17171,333059.59948675
17172,770707.1157827897
17173,428780.2504985327
17174,651469.5290988289
17175,837017.045442311
17176,339344.22688200563
17177,901732.397390759
17178,359664.1626872909
17179,707344.0428370121
17180,349677.34808914317
17181,684105.0629616618
17182,785238.0782166953
17183,352124.98580572533
17184,676381.4425234984
17185,271889.9153710855
17186,1008362.3609334505
17187,567164.6578686961
17188,1182177.2385733747
17189,502271.17909127317
17190,403302.12099062756
17191,524772.5918699598
17192,411162.5658124927
17193,456350.75115176034
17194,205138.58422443207
17195,449818.9776331596
17196,594396.5042954864
17197,492875.1049838573
17198,449987.9465749303
17199,1007272.6078332041
17200,502439.7837192843
17201,397195.39891883056
17202,431163.9524874658
17203,877218.4825951083
17204,464135.0300739182
17205,287076.8311235038
17206,940127.9413040427
17207,432361.943859462
17208,298734.596723893
17209,378215.60895130044
17210,615208.0712794303
17211,419090.92669880687
17212,554927.6900011656
17213,922793.304282035
17214,234544.77190308212
17215,410515.2650543085
17216,375176.11923221004
17217,272336.3044323003
17218,245132.87782007115
17219,492506.5978298917
17220,230708.83880258523
17221,524199.5195828294
17222,404893.143694319
17223,224519.96983709946
17224,545364.5015152263
17225,226640.21112652402
17226,917788.8912290677
17227,549865.5804495543
17228,954081.1597215013
17229,577081.3835077352
17230,181885.54076371112
17231,430904.43912442925
17232,283520.52302209474
17233,368834.9620278777
17234,610067.4924294834
17235,546658.2952083666
17236,525056.2816649185
17237,537143.5399200656
17238,302491.4991955172
17239,1718282.3134351813
17240,219817.22136140877
17241,236453.27358892758
17242,229927.35470153653
17243,487775.78986729635
17244,291512.9051637886
17245,558598.5054710354
17246,296652.95639597916
17247,347771.9434854703
17248,388548.8756775602
17249,542503.7503293884
17250,637747.7188600133
17251,180226.75860606652
17252,412858.1701954067
17253,237993.01906824988
17254,431352.90050539287
17255,361083.17333203997
17256,613866.854190007
17257,2411562.10346247
17258,630516.8056605797
17259,679835.1289169991
17260,202743.52042890832
17261,526562.5796492982
17262,568424.5162126455
17263,410260.00425246573
17264,647808.5482199639
17265,240345.89676454908
17266,666856.4234660837
17267,354070.23066127405
17268,805944.102524276
17269,502109.3024372175
17270,270558.99377720733
17271,305884.59570470446
17272,585259.6352198106
17273,369456.15138558456
17274,561975.0772330447
17275,464838.7835648697
17276,221181.17962957328
17277,418218.05564986373
17278,296205.74180026125
17279,302389.8676908034
17280,679397.2556502483
17281,570991.5021298106
17282,513332.15351425624
17283,598402.7820025203
17284,375749.8410720996
17285,303767.2506462384
17286,235486.2903153901
17287,251363.81788908632
17288,270019.0879094954
17289,436649.5644477133
17290,916325.3559240268
17291,483855.31876264676
17292,260973.83804780626
17293,370742.09155444615
17294,384661.2035792966
17295,490877.84601462283
17296,173531.97599242144
17297,709766.1565113758
17298,425070.6388953738
17299,889988.5748679965
17300,188351.42756037577
17301,334584.1148185488
17302,659493.3861832226
17303,1193152.8786339343
17304,444168.56725540216
17305,361228.3537626807
17306,701916.0796149909
17307,504835.29124085244
17308,339344.89186998014
17309,243444.402416044
17310,463138.1301474154
17311,454968.92828989687
17312,259008.66132091268
17313,1284022.7630341707
17314,725287.1874308899
17315,236383.99521060448
17316,720032.6575320597
17317,309815.1030257712
17318,320536.50663681194
17319,327364.14517656824
17320,488174.29372412094
17321,1278134.036641694
17322,194310.29262274652
17323,628706.4141970112
17324,1283689.7233519924
17325,281223.3146683814
17326,494199.6389628935
17327,473248.3371817187
17328,261220.71298458526
17329,1224720.8861177363
17330,242707.30246418633
17331,675383.0309199775
17332,773115.1643223325
17333,416189.1506661533
17334,391776.9592513628
17335,357462.899371476
17336,219648.3073449556
17337,736844.2702418447
17338,572683.2174880325
17339,212600.2352074605
17340,543954.0604865005
17341,242274.81217651218
17342,328519.9389322509
17343,377584.017025751
17344,372271.4119007864
17345,260564.91250985113
17346,477223.7985096289
17347,545000.171117802
17348,674875.3434240653
17349,199860.29342289758
17350,281991.15907510824
17351,564893.3095118644
17352,421844.6966462209
17353,663939.9911048376
17354,525066.9783484443
17355,535244.9332117673
17356,319403.4343086519
17357,774115.0799245761
17358,212286.66363367933
17359,319521.61905547796
17360,659942.8627084128
17361,572094.5096429137
17362,643345.8277075827
17363,696373.3956366697
17364,681236.6662960183
17365,415801.88002402463
17366,795941.0057239968
17367,249878.9344544216
17368,418268.04719047644
17369,897821.0430806557
17370,421316.2633046733
17371,290086.2875388688
17372,589273.4711302624
17373,405881.89636341995
17374,441093.1789793177
17375,319246.36152577924
17376,447124.2406465449
17377,441113.9568602058
17378,946495.7604426487
17379,646805.1360085395
17380,360159.416169741
17381,708420.3143503353
17382,1617405.9046010848
17383,825700.4148931596
17384,395690.6105227258
17385,809840.8238400175
17386,444359.71923074475
17387,496288.4836910907
17388,1058405.1023389783
17389,218520.31558467753
17390,504177.93067987706
17391,372012.00004545785
17392,363795.19253074116
17393,743560.1397306214
17394,265520.263909782
17395,261318.33116930403
17396,376370.09806592506
17397,481212.07403677615
17398,231045.07863662572
17399,289729.89736593125
17400,4481063.735133184
17401,637001.2732007093
17402,479800.02773198497
17403,616975.8242664519
17404,377814.3393119233
17405,318096.9839156149
17406,475701.5278680339
17407,434503.08649254136
17408,367725.14119656244
17409,307775.931259018
17410,592535.2473519157
17411,401390.6645536626
17412,294899.5989588101
17413,334809.50455998577
17414,507400.55531287903
17415,348161.2897243977
17416,631518.1526811238
17417,287803.61419976625
17418,740559.3244982524
17419,1003710.2549278989
17420,182416.02959011545
17421,539535.7140975243
17422,537973.456290234
17423,1990049.0914657807
17424,303288.02231335244
17425,290589.4600292314
17426,371577.6377063276
17427,449224.194936732
17428,580611.2571554675
17429,236525.60272542358
17430,1867297.8441741627
17431,861816.8665908717
17432,580046.2897092772
17433,274587.7670794446
17434,281668.2597071414
17435,315427.39452412195
17436,439299.53210103884
17437,643298.991712877
17438,230405.41895892238
17439,1693464.1912368785
17440,372627.611863793
17441,317995.8289269547
17442,656276.1541770286
17443,481577.5676471206
17444,628532.4099835291
17445,492229.93479538674
17446,357648.8403364689
17447,587399.0861154442
17448,284201.28426275175
17449,290719.36348772136
17450,363733.9723302946
17451,343594.7642197177
17452,302614.0036468281
17453,312779.08260183886
17454,353644.0112689899
17455,285467.03214706114
17456,439980.7292958366
17457,414678.8729615206
17458,507376.0167818002
17459,185107.0513049064
17460,511548.81016711664
17461,467510.01294523966
17462,592996.9359454394
17463,576855.7251959055
17464,390323.0783656041
17465,214105.60268251033
17466,459456.18668722635
17467,634565.3850484674
17468,360090.2586153936
17469,638915.1583115006
17470,408350.7030222156
17471,275458.5708740003
17472,298544.16248040623
17473,232216.9901558481
17474,794808.2309161987
17475,691863.48987339
17476,541240.5379946525
17477,298932.00294712547
17478,293540.1292053193
17479,513744.3600715716
17480,338154.22811242944
17481,235286.88473256736
17482,542518.034829322
17483,412155.0379892104
17484,395996.3619578998
17485,278246.3331236849
17486,776847.0541666028
17487,363592.83271843975
17488,445064.534869732
17489,528726.8979409232
17490,553816.6737883519
17491,680223.3906640244
17492,657619.2369544744
17493,479982.2323647743
17494,561394.1610401017
17495,212174.24691060642
17496,334244.28981964104
17497,529979.6312579346
17498,754049.7945347492
17499,314384.63187785953
17500,1057972.3487713947
17501,401715.8411184553
17502,717212.7010774778
17503,527147.4678912385
17504,365334.61303519085
17505,299802.1132561833
17506,219857.63893817135
17507,244106.99294093085
17508,443395.91571161104
17509,307416.87804131885
17510,477762.7814926656
17511,912524.9859084866
17512,527950.4113123767
17513,684986.9643717502
17514,431152.3256459309
17515,331627.424226583
17516,290617.2770079294
17517,283471.0727271041
17518,391811.8693807835
17519,276742.2397307413
17520,245834.97747162968
17521,231230.82331470324
17522,428301.3216607617
17523,1277030.2306281484
17524,327251.2617285657
17525,799224.4281210301
17526,273389.07259403286
17527,338604.1831243734
17528,659634.7675253827
17529,513881.95931862306
17530,315995.4998188115
17531,294118.1757739743
17532,735481.4661993872
17533,257817.0665457583
17534,415035.5090901551
17535,231843.84424473078
17536,411788.58848993754
17537,622944.3856026866
17538,529193.1457620789
17539,425217.432785185
17540,527525.5669421082
17541,289941.761277097
17542,281235.6654377371
17543,401167.58213364426
17544,805181.7296120654
17545,1001863.9740561337
17546,597338.8564381419
17547,852247.850301755
17548,1316990.5949665094
17549,427966.3626204457
17550,578807.7504458681
17551,316617.9459326555
17552,458849.4673834097
17553,500631.8704768496
17554,326277.7574817871
17555,529540.3641534387
17556,197014.97418292545
17557,259145.65634240184
17558,508610.1849901972
17559,516113.8093893673
17560,533204.1185545821
17561,476564.7693734432
17562,819220.6056740343
17563,915901.1871774349
17564,786239.3943136629
17565,467655.407649578
17566,1032065.4420580403
17567,444980.0960590911
17568,301002.35574393894
17569,194695.28280933513
17570,321829.9463899482
17571,338158.99786898855
17572,606784.4579809172
17573,173275.89195633677
17574,384706.6483701573
17575,787414.7720679565
17576,299488.722852935
17577,292551.3995312574
17578,473290.3295670149
17579,613421.3280859317
17580,214422.20803674674
17581,3163162.2016339917
17582,467080.13414315064
17583,328814.44229275663
17584,691042.7144322863
17585,337163.17255022965
17586,628749.7421447381
17587,608800.1107815866
17588,475100.9795171858
17589,257016.06980119293
17590,382515.5733830001
17591,406664.2121377919
17592,266491.9972864554
17593,587863.1210919431
17594,894230.4118135563
17595,398276.9267132401
17596,612743.1022163532
17597,543666.1975734109
17598,402916.0946847602
17599,506451.86551931256
17600,263384.5149010785
17601,689494.8259396536
17602,578194.6259317617
17603,378405.3673853029
17604,528776.0994031616
17605,638161.992771931
17606,189587.4646567171
17607,748206.1175453394
17608,357331.43239734473
17609,314773.0635926193
17610,732655.7525601913
17611,783598.4184539757
17612,437601.9975546211
17613,281433.6792026893
17614,294209.48479103605
17615,397484.4747335716
17616,477474.6110012486
17617,449996.0225042416
17618,378755.7210665801
17619,485126.63939132186
17620,330747.21836261416
17621,473324.7126825782
17622,250501.31697134994
17623,314175.8091601778
17624,253450.0824648688
17625,492675.40784121584
17626,337730.3912748605
17627,493319.09517698694
17628,203771.43622831855
17629,1320498.261555649
17630,309686.4612376437
17631,354956.84645120765
17632,610473.2252701343
17633,392798.1741769793
17634,222046.35853847917
17635,1372373.5035593465
17636,249018.68299958057
17637,594212.7919615268
17638,311682.2241415966
17639,969202.6663442245
17640,813270.6825604645
17641,216941.6897003965
17642,240175.57553515563
17643,872751.5379601251
17644,421923.33859046345
17645,274755.74067750416
17646,378147.82544107415
17647,338884.80144898425
17648,576203.121465211
17649,549795.5348774659
17650,242236.12278659473
17651,1106460.3374449895
17652,302535.9372291241
17653,209975.29761781442
17654,389414.0421502733
17655,363848.80974096584
17656,340334.9815028062
17657,420965.5131998907
17658,290762.5917394537
17659,613710.5122125002
17660,262508.4865793581
17661,303410.3750237127
17662,304363.08110437175
17663,248202.1303784828
17664,249227.52986964522
17665,252131.33257669862
17666,509519.1527168197
17667,402993.26434641914
17668,386389.8394269749
17669,577754.4769751427
17670,364900.1000568553
17671,335046.660078431
17672,543601.7929391381
17673,315781.64373560395
17674,351345.2193566098
17675,311734.678794933
17676,259683.3500590854
17677,424766.792686879
17678,257352.66050123615
17679,216760.6406160463
17680,676541.4223863811
17681,361878.54166549107
17682,747474.9771319622
17683,404152.2523096953
17684,400264.81288227014
17685,544170.4409656824
17686,688455.705977299
17687,565133.3078585109
17688,446761.42890294304
17689,552475.684777531
17690,471708.36920849286
17691,325561.86167956353
17692,685701.6237033978
17693,1191071.9027053502
17694,641258.9538704535
17695,922514.218584883
17696,316987.49532338843
17697,440364.4480785045
17698,544742.0995927391
17699,791174.3680475157
17700,331253.8248276304
17701,646786.2558382412
17702,483333.97836006404
17703,373814.9742371867
17704,621713.2604577945
17705,557816.4962647149
17706,392187.0694208668
17707,710379.0373105578
17708,560276.9995482713
17709,543725.9734843338
17710,286620.5349890905
17711,370561.5941642112
17712,392631.1292078002
17713,473378.4834692662
17714,430499.1864451231
17715,296657.75829278317
17716,649617.3999983915
17717,225722.24698049802
17718,338681.2873669885
17719,382962.1440441513
17720,335794.6387143158
17721,542989.7568510647
17722,248833.3891259859
17723,568866.3904621615
17724,503539.23147856095
17725,425785.59664100513
17726,699559.7063930789
17727,983081.1444358132
17728,222816.76032545837
17729,615075.7831378108
17730,645274.4566066257
17731,875740.426614508
17732,980229.334861218
17733,946912.1101428721
17734,263862.2403891075
17735,819695.791441617
17736,215459.7000134854
17737,344397.1772604773
17738,197065.5330754472
17739,446208.91604546335
17740,240298.654784221
17741,562171.047885173
17742,532875.0538182342
17743,327463.4337749641
17744,574569.6991912005
17745,528687.0318173724
17746,549767.891687443
17747,338047.37254431564
17748,1251408.3781789264
17749,330541.45032652834
17750,385998.1505096938
17751,720112.3915013574
17752,382956.8598630045
17753,341273.94813291525
17754,497195.612960946
17755,470527.1184628511
17756,256089.22233316774
17757,548754.8578349308
17758,554592.9855305711
17759,386514.7071259317
17760,432839.07384347805
17761,404537.06752578134
17762,332858.35561815003
17763,439143.6493993931
17764,739041.8291253938
17765,581230.2174453823
17766,708090.3327070691
17767,624975.5856424515
17768,646407.313243412
17769,424465.4759296179
17770,512361.5542146523
17771,431896.7861235797
17772,264524.1078452585
17773,687523.2065007867
17774,286181.33670799213
17775,491066.9752322612
17776,652037.7399520477
17777,548736.8249068476
17778,448434.4612426431
17779,428734.970782059
17780,863767.8322544866
17781,257716.148788704
17782,589933.607249227
17783,514347.505661405
17784,222645.9624144845
17785,267702.9491532596
17786,572891.0532258411
17787,337130.6528028375
17788,742779.9097058431
17789,291056.049916907
17790,767302.1972420842
17791,622636.9209275405
17792,187119.70535908415
17793,289664.66773125285
17794,356294.3238257913
17795,1278407.9242962033
17796,1119929.2085059881
17797,779824.5640758009
17798,628133.7235632029
17799,227215.86713056304
17800,257225.1193310991
17801,210265.3367235721
17802,508243.27519114956
17803,355317.5172562815
17804,290566.0377756466
17805,435831.0362933501
17806,287262.5785420449
17807,414395.25910602626
17808,680552.3470111124
17809,303471.2359890166
17810,369325.00829868723
17811,577226.216289789
17812,204532.46030050277
17813,786876.6283293782
17814,244054.22608613403
17815,550011.2971047675
17816,426339.0012605479
17817,422997.2217512635
17818,300281.8860470597
17819,451665.7690440584
17820,878757.7223261363
17821,283875.58316013747
17822,380496.3664850175
17823,655421.95505375
17824,325329.3895110359
17825,381585.37322735
17826,290284.2312545284
17827,803030.1849807794
17828,727413.2502819271
17829,477828.9694381416
17830,392987.2170058705
17831,290960.86388611945
17832,751457.1389040913
17833,324952.96522024064
17834,370503.1086903232
17835,297871.2043511147
17836,263574.077404873
17837,267186.2830332371
17838,507212.3658643945
17839,239976.14359199203
17840,281691.1042249432
17841,250144.73887489908
17842,347332.6806916712
17843,756997.9198308537
17844,423291.53700427804
17845,796502.5119077229
17846,650330.9493477952
17847,433203.9964152935
17848,258839.04277827052
17849,1215576.8930252276
17850,370208.95040823903
17851,659150.8163662333
17852,912887.7046651803
17853,675523.2116261837
17854,422355.0155748174
17855,314522.84538144694
17856,1175814.2326057623
17857,771761.189800788
17858,457991.81038167386
17859,520824.82462233765
17860,451977.90112539317
17861,427977.0059724639
17862,488725.9348344256
17863,277288.44858686574
17864,545145.259170825
17865,1629583.9899049092
17866,225064.9729517855
17867,590023.6280662065
17868,288753.07482053037
17869,455617.34186021425
17870,240958.8850197474
17871,1663026.6476985365
17872,261557.69584451997
17873,367802.42789602163
17874,740628.27073604
17875,233409.02796598308
17876,396531.3636907022
17877,531921.2155012905
17878,671225.9448321669
17879,553434.6032149659
17880,871602.4145598202
17881,314049.6252176956
17882,639802.6960552684
17883,1164067.7210565107
17884,379758.67963005207
17885,462431.91747369233
17886,281203.89517863916
17887,807502.7836507052
17888,219179.75284784293
17889,474296.9677520582
17890,262168.5462258795
17891,502747.6754881499
17892,385526.7705445581
17893,582472.1277879605
17894,926022.0879092759
17895,365620.299190307
17896,304539.199131597
17897,685703.5685298236
17898,182215.97986464345
17899,535194.9073559802
17900,549668.4161863755
17901,345789.50742572884
17902,645166.5684803238
17903,271263.39654416277
17904,213703.6800062864
17905,759732.3643914493
17906,207562.38512940524
17907,433524.08778340614
17908,277026.84059627185
17909,500326.6136926479
17910,724111.3768088483
17911,435798.12107369874
17912,281523.4639400999
17913,289586.4099412458
17914,454530.7530604116
17915,993900.7407006584
17916,488531.68944617535
17917,545585.5679464464
17918,439323.6150935131
17919,475012.2077915117
17920,739666.600451471
17921,574991.1133035914
17922,321562.46259067766
17923,192010.6067223659
17924,568449.5425548439
17925,253874.41696801814
17926,261060.83336432814
17927,244921.07060671475
17928,468266.1312673391
17929,333209.27468786074
17930,281509.8810695151
17931,479928.6787084353
17932,282627.53385971254
17933,765455.3462652924
17934,708638.2692524308
17935,328108.24981366546
17936,962941.0406031722
17937,532398.6480717242
17938,431590.1514771017
17939,674719.5225906922
17940,252130.17800234712
17941,192483.4206281735
17942,255887.53299118887
17943,209305.40947091536
17944,642639.2606249788
17945,340711.1607930755
17946,647474.2911288735
17947,290184.0222472323
17948,676666.9543284575
17949,874941.0747652674
17950,435208.0208329356
17951,362665.1097339291
17952,351620.3092558029
17953,498187.6208465456
17954,315681.693901552
17955,254488.18859489256
17956,508604.7736472616
17957,231134.95042435685
17958,444323.7224622957
17959,792063.8876462532
17960,489064.3553093932
17961,921841.9977652259
17962,238471.06528686098
17963,527014.9842200344
17964,678913.104225722
17965,432940.08678411425
17966,435264.95142505283
17967,663890.1565937133
17968,486168.4078006084
17969,492053.2474629267
17970,502727.94687617
17971,425919.0539415817
17972,497869.6277095787
17973,350996.55232901115
17974,845316.2487594433
17975,193399.1784150587
17976,219583.9959362074
17977,227390.19359363918
17978,757752.5270786537
17979,774170.8735670046
17980,603306.3382870164
17981,609449.1632844062
17982,685646.6059623746
17983,534361.1434581159
17984,187534.30807302543
17985,508904.5827179595
17986,409484.2053827593
17987,487437.223858744
17988,443272.84021530364
17989,253926.4467060383
17990,598643.1898797841
17991,531158.4057105506
17992,396978.31959653733
17993,449790.1650823674
17994,265878.5263525002
17995,356165.6899628241
17996,576177.6736406399
17997,553850.3484244542
17998,635757.6931601147
17999,324823.1971204521
18000,531960.8222632782
18001,514281.38398466696
18002,713661.3276859209
18003,588916.4452112489
18004,992003.672182045
18005,551418.124021905
18006,278540.4783922643
18007,367855.36699045764
18008,579025.9905746754
18009,1278772.6666671427
18010,761561.9466021298
18011,679389.4776970195
18012,394708.7923315382
18013,402688.67869614245
18014,483370.44661212637
18015,636317.5271993204
18016,596959.2312920068
18017,791333.5371731037
18018,458021.41879253834
18019,285179.53230237216
18020,271626.9568010369
18021,261567.5648773023
18022,541105.519916958
18023,318784.6146693987
18024,342386.6612517434
18025,223522.1760988027
18026,605750.6892271755
18027,332399.63082692184
18028,804669.8107306726
18029,523185.7150259839
18030,513303.4566987325
18031,363144.84103415196
18032,370683.9862316403
18033,770637.6529058213
18034,889472.7287069293
18035,229238.1184356426
18036,405187.6623805784
18037,467079.81453728856
18038,405224.516803642
18039,814796.8882415364
18040,728976.5754386919
18041,1053932.0425887872
18042,339274.00112414977
18043,688660.0644753131
18044,316598.1171656939
18045,328342.49470574467
18046,497995.2073149106
18047,243769.28170042156
18048,265113.02922869066
18049,454058.94230198365
18050,516332.664066529
18051,623143.8567107504
18052,158715.30289092087
18053,455917.5436835864
18054,449330.5250405668
18055,684252.5406952376
18056,299654.7169756896
18057,1034054.474339083
18058,509712.66445530223
18059,189810.0751898847
18060,251538.36450310875
18061,323060.29558052233
18062,247351.7834037459
18063,835916.012111565
18064,756679.8229794609
18065,310512.798752449
18066,270039.22468087816
18067,1208355.135023413
18068,233921.4373082288
18069,170034.93423318182
18070,296238.01149494015
18071,696811.2391373964
18072,1040454.6783904434
18073,432531.50928625464
18074,568424.8716649049
18075,369260.4388073482
18076,537748.7966661667
18077,212539.18286701263
18078,401129.7463713775
18079,338937.52384820476
18080,431790.4589047248
18081,338365.1124023714
18082,340015.28333929885
18083,582813.2070002834
18084,329006.6068247517
18085,382018.83872118004
18086,433692.37975285354
18087,716474.294459057
18088,349640.799548971
18089,400982.45875329437
18090,242038.27817673743
18091,921892.3687989276
18092,341413.7083631168
18093,561356.5687083058
18094,510725.1906147921
18095,301338.9353130446
18096,516615.0113687018
18097,976816.6672063346
18098,453168.08313438797
18099,370583.4050659456
18100,539698.96476448
18101,255363.40213284772
18102,524325.2540109877
18103,646998.2071110946
18104,387188.06016921176
18105,794344.3314312549
18106,667918.938084168
18107,708631.8234707818
18108,278469.74159621936
18109,931323.8928883175
18110,1258734.73196788
18111,253808.92081354713
18112,368555.5235591196
18113,521890.62852391566
18114,263790.08335844707
18115,527969.9380693979
18116,788245.9324534588
18117,694532.0449966834
18118,413776.1594597508
18119,1048136.9238959776
18120,252375.07553745544
18121,311479.4719779231
18122,636406.7516577044
18123,316264.7173994094
18124,424068.9999665234
18125,237718.73513009996
18126,364145.6978562306
18127,467071.5361762911
18128,644315.1105729716
18129,274601.93860106665
18130,485561.8753730214
18131,433749.7186735359
18132,250277.16328016162
18133,301552.8153775374
18134,419989.1527395757
18135,169380.37959675523
18136,270076.9567812041
18137,976421.6252694514
18138,316762.58000771236
18139,503185.81930878805
18140,793422.6722750057
18141,465356.484693391
18142,226057.72839719875
18143,792959.713922875
18144,311581.39982356405
18145,429475.018151971
18146,212913.82453748354
18147,192570.0634832433
18148,237948.43271792404
18149,634296.0723885609
18150,195813.68328718998
18151,450814.0880978884
18152,1042124.1860018983
18153,269916.5646040679
18154,713749.9374964486
18155,180334.05605222943
18156,351549.4752106172
18157,547858.2329337983
18158,371664.5364237027
18159,292786.56032546033
18160,615051.071175053
18161,335002.3451050909
18162,248610.7178624305
18163,395137.20471288555
18164,352417.9048075872
18165,386364.4196837611
18166,849515.1550357669
18167,460395.7359728604
18168,401019.4511176455
18169,279452.8382147572
18170,389939.27551943244
18171,676615.5477906046
18172,290566.8112663475
18173,397331.2491455903
18174,470047.2050289675
18175,751507.749415447
18176,757470.047461874
18177,239559.46099013585
18178,487878.8680651818
18179,443784.15564200695
18180,338850.9759208816
18181,258503.59331244693
18182,247241.3558425519
18183,598651.1877868957
18184,269789.06896767503
18185,1002182.4439699516
18186,291969.2440083378
18187,601405.0335991044
18188,1226196.0176249926
18189,411229.32031979586
18190,326951.24304976984
18191,1180330.6721584909
18192,380674.1076966809
18193,323986.38199879735
18194,488510.2130904357
18195,508349.063274588
18196,770164.1368853992
18197,411123.67064998107
18198,533093.3614155767
18199,538799.9762380259
18200,721588.2665751836
18201,411166.56375735387
18202,1013853.69927082
18203,190854.59327832886
18204,217140.8406375574
18205,282615.2371332216
18206,401861.95508407115
18207,415496.23197546386
18208,361291.6566133114
18209,700638.5354037721
18210,198414.36867342837
18211,304464.33078833943
18212,483000.12147074455
18213,290008.57959974755
18214,440295.5586142301
18215,400784.3590803884
18216,582035.625205935
18217,347918.30783896125
18218,399033.36064745166
18219,702262.8700601637
18220,144560.0080430831
18221,368898.3129827267
18222,589523.8086077719
18223,241979.8129800369
18224,290631.6759492239
18225,441658.881668768
18226,200105.32118608875
18227,293295.7130823087
18228,514876.8730267159
18229,839741.5016176655
18230,449316.4607450487
18231,967286.6149466006
18232,423476.01294993697
18233,202488.25156144286
18234,521735.7053414245
18235,353446.3421727247
18236,825630.4861081995
18237,438016.71595046093
18238,624526.9147661024
18239,472995.67905976815
18240,648887.704542657
18241,780537.5971935012
18242,903952.7393790184
18243,688080.6159963255
18244,485248.77297131857
18245,233466.11447063013
18246,500556.4110871447
18247,558630.1439501458
18248,557746.3003033274
18249,589646.3802293899
18250,600968.5127015796
18251,353496.290320445
18252,1395101.3057049292
18253,484858.4734967976
18254,199692.18222963435
18255,636602.9702485324
18256,256626.45745223013
18257,770619.2316664528
18258,221510.732440862
18259,613070.5023308743
18260,453049.6546924592
18261,590588.878421631
18262,316856.9773899927
18263,532384.7257262839
18264,408353.6457004532
18265,398140.70061194623
18266,431138.06740967504
18267,268595.6763946831
18268,161245.39828408253
18269,436767.94494715246
18270,242018.06479054943
18271,434499.0995999066
18272,482244.5206696293
18273,313409.6791814811
18274,429256.6228999301
18275,726419.4353453337
18276,207370.50470852037
18277,467410.2694158907
18278,481262.6543864742
18279,421523.36954317905
18280,1235552.6282821998
18281,156153.81822190533
18282,1659039.7537427673
18283,698954.9954049024
18284,281713.43051762646
18285,742260.0498521723
18286,311625.73419013515
18287,448579.98646102194
18288,304379.72007104
18289,809401.5279856998
18290,368210.2387186758
18291,396502.1934583744
18292,572732.6380989129
18293,877081.9834924126
18294,385145.7875383366
18295,1443117.6181049442
18296,1139886.3332740355
18297,275472.0232286782
18298,787749.4354200494
18299,355820.9541545873
18300,530342.2151472567
18301,367376.7233403642
18302,291927.577076864
18303,463917.733519036
18304,352876.8197324095
18305,421609.1318879807
18306,402189.27156651905
18307,228005.94113922887
18308,857145.3911260633
18309,579889.4865480687
18310,1179754.592846672
18311,327636.28563063126
18312,566047.7457583309
18313,755515.0983867777
18314,313607.99587221025
18315,1134991.6442330868
18316,564953.8859918377
18317,379004.27437112026
18318,331867.44686746795
18319,353977.2886347301
18320,352660.8305617215
18321,398219.2324036686
18322,385042.51149460295
18323,772977.020088227
18324,328488.13146421785
18325,488924.3398595856
18326,433371.50007629767
18327,318605.14366835274
18328,479567.25930483727
18329,344308.9404946493
18330,371111.07282714656
18331,316744.0226464501
18332,758094.4589188456
18333,211890.95953451702
18334,831977.4789729479
18335,324260.6109931089
18336,414964.8042412552
18337,431937.50982878014
18338,285098.7377919722
18339,239177.10879903013
18340,272493.38539161073
18341,520143.95260643243
18342,213341.01537358455
18343,523453.9533711982
18344,388635.65946425236
18345,400377.74489265186
18346,424859.42001861514
18347,226312.12157255548
18348,250919.45662688906
18349,694598.8447914757
18350,396722.77587438544
18351,590899.056914124
18352,268517.5522591619
18353,345225.1988384558
18354,556290.9432762731
18355,671736.6460840632
18356,216210.20173504137
18357,343598.40793555544
18358,570952.4860572505
18359,273803.6072645138
18360,233229.76861461188
18361,937702.2221678606
18362,377752.45713137655
18363,607335.1642197218
18364,338080.6137528083
18365,398163.141262315
18366,276966.60223503376
18367,385528.2439501876
18368,656403.4236590641
18369,431260.4493169117
18370,564153.1413867644
18371,278925.54090303637
18372,254298.82775117323
18373,524946.2304597308
18374,408562.0612170969
18375,1354500.507058511
18376,427893.97461961315
18377,823337.1546113944
18378,1252246.0164703662
18379,578974.1927779496
18380,319997.7839160234
18381,269060.4635590631
18382,277586.8039581642
18383,589219.8238449878
18384,292847.0575167352
18385,229465.0793630313
18386,448624.6540399252
18387,192146.68458895848
18388,2223963.862686114
18389,953748.3005890233
18390,252427.3773114011
18391,488110.4556624259
18392,648336.2217061647
18393,491371.63457116653
18394,508657.8160972699
18395,2104403.686300888
18396,774639.7214107133
18397,207419.74135745157
18398,227301.44172048522
18399,666215.5287220692
18400,970957.7166318167
18401,296391.41979533347
18402,721789.5301944797
18403,547484.5387756863
18404,230955.552844511
18405,518341.0927853544
18406,685542.6782859033
18407,613215.6139436654
18408,628667.9166806685
18409,592953.3813732439
18410,1118139.6226522813
18411,263400.0256360833
18412,556458.1660083577
18413,250858.4629599006
18414,270627.757757758
18415,243530.0848264592
18416,755242.4238888546
18417,299893.8053574761
18418,414649.8268914317
18419,476437.58456798765
18420,685322.5173896031
18421,705131.4767115498
18422,239093.65874133332
18423,255112.5965469724
18424,337852.9853363811
18425,272222.0733156077
18426,1285748.2900475296
18427,303040.0519866687
18428,840489.290656486
18429,3191035.8310587876
18430,597899.6043295036
18431,465443.77743205166
18432,280100.05609207955
18433,528996.1316982066
18434,453402.8891804408
18435,274570.40708550095
18436,787224.8095365759
18437,248069.9425588234
18438,574957.6060146432
18439,883666.0786228902
18440,344404.27005956514
18441,681443.3109214042
18442,1847975.8484779194
18443,246232.56957579232
18444,649923.2251907433
18445,536496.677275238
18446,262620.3906560019
18447,526265.287702197
18448,383764.76691816543
18449,909733.1569069268
18450,893033.1180749818
18451,492430.1553838401
18452,441953.2197799579
18453,615971.3670182473
18454,908019.6382235314
18455,277327.8067725323
18456,657535.5667609305
18457,1203061.593422882
18458,809941.9528942159
18459,579172.5789407812
18460,482996.9129174265
18461,270380.5282281376
18462,1013505.9149036335
18463,670415.0678895017
18464,699179.6916286419
18465,917782.0390504943
18466,467319.3178916773
18467,787771.3604798582
18468,247666.1681347183
18469,487345.4623193921
18470,729897.0670980355
18471,430811.0258758872
18472,236284.8179343685
18473,325436.83463786857
18474,332658.1888830236
18475,258230.3343865957
18476,433665.2312897675
18477,455193.19461617444
18478,445448.0992748622
18479,184296.1204903591
18480,261894.45010132287
18481,396890.0656827704
18482,346027.4859423812
18483,580580.1960091264
18484,565046.3920776205
18485,390888.0090129508
18486,1089528.7790162668
18487,930365.5557010068
18488,933381.5834289222
18489,555372.1846153813
18490,247511.59123249585
18491,439996.8330740181
18492,206997.82334466584
18493,437717.4384075811
18494,366275.21743580204
18495,384810.35189459735
18496,475003.06011928903
18497,920256.7838826629
18498,682125.94456879
18499,459357.8584597875
18500,205461.89704263955
18501,269620.84608155565
18502,574021.937419696
18503,225872.07069325642
18504,545734.2036413306
18505,334358.92591590545
18506,703716.8716456551
18507,363620.96179720806
18508,363438.4019141132
18509,1011921.1226049012
18510,273247.8003663124
18511,406756.2341153156
18512,252160.26981347537
18513,819102.7153876447
18514,247333.01954338932
18515,492794.84553776623
18516,531654.239684981
18517,227744.2744338474
18518,582817.6939831917
18519,308317.07586537726
18520,279157.57056130003
18521,768180.8530381636
18522,692705.0902947555
18523,219505.88319730916
18524,300794.5095040415
18525,397797.89485725836
18526,645634.8667971884
18527,579734.2040767042
18528,295663.7179325394
18529,398143.4115514565
18530,646513.5988879717
18531,510147.5672851967
18532,760672.2670552408
18533,564446.5785408975
18534,472657.91341374017
18535,1375948.9528133995
18536,386754.2004268098
18537,276936.18491971755
18538,931281.2113374159
18539,377139.45765178435
18540,291064.60441067937
18541,296914.64743123366
18542,307099.4892140628
18543,1207987.0981253784
18544,371855.67321694666
18545,379186.59826241527
18546,274960.0892235611
18547,203460.41586481562
18548,453123.73804994987
18549,482201.84557139425
18550,647260.660843099
18551,326630.79335430404
18552,323042.6897861014
18553,382871.8990955458
18554,1450859.1567046982
18555,654474.4338641441
18556,477094.70069988817
18557,284938.1262912111
18558,708673.3403451879
18559,464123.3004540116
18560,452253.5890395665
18561,509655.61730631284
18562,336854.0664472534
18563,223530.34100386206
18564,338777.1844468906
18565,1694661.622927891
18566,275002.32848362444
18567,296636.436292977
18568,347331.0949414033
18569,415745.5682884552
18570,402194.5091015048
18571,639676.3990205426
18572,417680.04119231045
18573,421535.80200420244
18574,372465.3118935844
18575,250466.01350002215
18576,254628.9417985028
18577,421840.4821725578
18578,583920.5103179379
18579,1363984.1955431395
18580,242601.38246175315
18581,234339.33082567665
18582,1063012.0028269163
18583,393998.0343425417
18584,2054051.6021633549
18585,385488.04779499
18586,604358.8455879997
18587,270337.033617887
18588,559871.0423498322
18589,719570.607962312
18590,800003.064995701
18591,624636.9909276332
18592,320405.40313009924
18593,459387.88200358674
18594,466648.9528705391
18595,319564.8520281677
18596,815781.6740101023
18597,384944.9919820088
18598,357166.1521384708
18599,432632.5885150232
18600,1057950.4184762978
18601,713693.023858906
18602,247660.72757783192
18603,409177.9458012008
18604,518914.7867580664
18605,1062467.17206579
18606,404566.8791668442
18607,305367.2496544983
18608,577902.2241409242
18609,306315.480485572
18610,271002.7157486838
18611,465991.62091596663
18612,378978.94949379243
18613,322300.71880669176
18614,438703.2463028493
18615,193805.0189226887
18616,621864.721254032
18617,590123.7983428149
18618,347279.8856040328
18619,334966.29104172596
18620,492224.82773983985
18621,311595.22398670705
18622,461253.4065368728
18623,232701.93742810198
18624,1023033.7991043263
18625,337428.3181622092
18626,565065.845510381
18627,330144.13013222936
18628,393544.3783981891
18629,303658.4115119327
18630,269050.04390218086
18631,353005.30920888804
18632,315078.19834182155
18633,483675.51435771777
18634,444578.7797139591
18635,183905.31150387437
18636,429696.4152707384
18637,261063.90291926096
18638,252326.57850748667
18639,592210.0273915753
18640,419499.60738335934
18641,621216.3602079562
18642,606655.5041586303
18643,1068826.620578613
18644,739688.3368477057
18645,436374.6425911807
18646,199841.83303082795
18647,197682.49056406852
18648,913302.3184247444
18649,869447.5787663098
18650,387884.67881335464
18651,406480.75984091195
18652,552276.7435116046
18653,305955.7926063625
18654,407548.7219300046
18655,369649.79339540243
18656,368467.8501170607
18657,322992.10309769993
18658,1821033.0073887422
18659,613559.0628482987
18660,522930.05975544034
18661,246022.05804048607
18662,297984.2730230061
18663,595332.0185849492
18664,214893.66070204347
18665,1508259.7499130685
18666,547731.4193947053
18667,260447.48446170363
18668,228066.74731311944
18669,606886.3451266205
18670,341457.59603201365
18671,255334.92741562228
18672,529556.3922663671
18673,248027.50184351372
18674,687172.8086344473
18675,422592.01583005796
18676,547118.8808505061
18677,416370.76304859814
18678,498669.0920536299
18679,712947.8112709271
18680,1150445.377975208
18681,474678.1551998539
18682,214351.04934918953
18683,334692.4480390733
18684,851613.5919014333
18685,539259.1355124784
18686,670171.9664034944
18687,583644.5427059759
18688,456749.2466763772
18689,268663.9610105379
18690,936251.632642325
18691,396155.6657776583
18692,324471.27281812223
18693,229757.20369007136
18694,298539.85035782994
18695,955641.0270977652
18696,180667.33950515464
18697,355318.5284929826
18698,699679.8225547294
18699,290981.54512188566
18700,191040.9713027907
18701,718003.907382994
18702,372965.6597511351
18703,1162145.432026078
18704,862083.0846914918
18705,397819.3707912798
18706,352739.0015007203
18707,479067.59460331424
18708,308755.78944670723
18709,243959.7907909031
18710,344087.99672311934
18711,833590.8530872877
18712,2392984.840299431
18713,458706.55908275675
18714,260556.36093988747
18715,322822.3248008009
18716,554423.2915461037
18717,709645.7836296319
18718,572378.1197174538
18719,957230.1566563888
18720,640783.4908784613
18721,242670.80930257958
18722,303837.92168735916
18723,873527.145704475
18724,270826.7478712814
18725,295468.55332184915
18726,603520.367369247
18727,530413.5176824718
18728,260006.10868271595
18729,572305.7154815822
18730,630589.6235427608
18731,767055.6585561972
18732,434589.2312380094
18733,374760.7358309825
18734,942265.7861349304
18735,264201.24164758646
18736,641715.4856492939
18737,184703.3297283908
18738,633061.2496452779
18739,280022.96077805257
18740,388273.68383405544
18741,595102.6092338567
18742,235838.73990781902
18743,743993.7877421787
18744,462286.6534439135
18745,210085.6629063121
18746,273071.5282902596
18747,304313.6025841719
18748,546084.4477593643
18749,1249493.2423103242
18750,338106.88178970385
18751,703519.3738251559
18752,354132.2880389067
18753,832509.7363676747
18754,530717.7023054084
18755,681660.9162272934
18756,853708.0193726094
18757,346807.73653017095
18758,517905.0114082736
18759,272273.324974315
18760,589738.4576461908
18761,409175.29314683366
18762,804529.90377612
18763,396593.13632196625
18764,662814.6826859573
18765,775111.72484404
18766,330019.61545130715
18767,620735.3766643357
18768,1548187.6610013717
18769,692475.755732584
18770,657657.8486025076
18771,995326.5699294192
18772,723662.7484895154
18773,653911.0860883571
18774,1041047.4905093646
18775,311896.01062798774
18776,359740.2805231569
18777,254816.7328070676
18778,246459.44743153188
18779,537952.3064420179
18780,367943.1111550025
18781,457252.3620892684
18782,619560.5613748037
18783,420288.347377228
18784,264376.3796358329
18785,416044.81560898613
18786,481267.04704333487
18787,2219080.626927065
18788,334218.59524593723
18789,779670.9337407167
18790,369396.9640962424
18791,352286.7291958479
18792,388419.16830006195
18793,278431.1540158958
18794,216027.3756415701
18795,677621.2688957567
18796,418196.07528125995
18797,529813.8546825283
18798,1392271.862085881
18799,232556.4062796886
18800,253758.6271280696
18801,444814.3640145356
18802,426180.01330718136
18803,387766.3833995886
18804,446279.1654657735
18805,732285.4949039074
18806,739536.5790477794
18807,264492.3280233491
18808,532971.258965768
18809,667332.1999284213
18810,278986.17248432315
18811,260749.92087195464
18812,433741.6260288442
18813,458558.5438563698
18814,338738.9922468612
18815,478556.77548453363
18816,301357.0641654498
18817,567579.0637443231
18818,419183.85724310763
18819,742799.3294257167
18820,438085.9566732558
18821,356846.13384980225
18822,453329.4931229646
18823,540813.2872882125
18824,476111.90932283894
18825,233480.23438454143
18826,373121.631515364
18827,324750.0867076363
18828,487059.3848386885
18829,869465.5071532221
18830,524554.9076760153
18831,384147.80602563376
18832,303471.52085124276
18833,497775.11858864024
18834,202966.6099945703
18835,639157.5591922606
18836,899429.5130743005
18837,321722.63636511384
18838,357841.58754139725
18839,548561.882986091
18840,428487.532852706
18841,345614.3855315593
18842,590631.6137671785
18843,441194.38036686816
18844,384985.31935873587
18845,762567.5742289453
18846,442298.8982324511
18847,186842.0656194296
18848,642716.674446257
18849,368833.59258376894
18850,317349.50174607354
18851,697410.9789833555
18852,395134.5978155424
18853,314331.8240636727
18854,686112.9570086139
18855,315100.76831378264
18856,378445.65809200436
18857,301934.1927971311
18858,186701.6235929161
18859,235325.2292009791
18860,392121.6794877234
18861,534830.1808023497
18862,453265.7353367024
18863,365846.60307624005
18864,185885.9794154357
18865,357088.4274751093
18866,994649.5549593061
18867,348921.63087399263
18868,517523.5311395746
18869,329972.8748367845
18870,866961.8566942537
18871,420251.6522306339
18872,385605.22330335743
18873,550548.995329595
18874,564428.9489311588
18875,386250.02809187165
18876,747726.8019597656
18877,474551.9994932061
18878,686391.6238728729
18879,410727.61388773157
18880,387976.30413606245
18881,312897.78733630374
18882,467991.27217462496
18883,312637.82373719703
18884,210473.58540847
18885,783381.0099655638
18886,355451.2589111585
18887,349471.832283412
18888,239387.3890999394
18889,489072.2063233058
18890,493855.8536936112
18891,232060.20277079928
18892,290099.7390293033
18893,388925.6043659959
18894,526256.8885514785
18895,185575.15567530526
18896,580464.8025896249
18897,315150.57554305333
18898,379414.2969804511
18899,604570.9531379383
18900,303934.6363604946
18901,513790.7711572202
18902,604672.7358085727
18903,358214.23997902253
18904,224175.93495305238
18905,334149.45174828393
18906,1034095.2670618959
18907,685504.5869975771
18908,298221.9874920579
18909,289516.2445673867
18910,632542.6370345518
18911,357547.4966169498
18912,672721.6646740388
18913,570964.2052422769
18914,838493.7925652072
18915,509026.95463966375
18916,478261.7788772149
18917,390720.40604516346
18918,210127.00567886131
18919,346401.37860069616
18920,249611.52045906716
18921,346014.5625657702
18922,1463063.7333627893
18923,687693.2111349427
18924,725901.1972147236
18925,316277.5226206479
18926,769770.1269049351
18927,845570.3132892795
18928,500587.3550423854
18929,288560.4872923048
18930,1360944.6314812012
18931,319568.8664536488
18932,694458.976156627
18933,500947.98550931626
18934,764152.9294109136
18935,784702.477803616
18936,365361.68416190177
18937,587460.2415890238
18938,298592.46609804535
18939,770443.2834871375
18940,216619.30230107985
18941,455514.14316669345
18942,286947.0410314693
18943,264968.0442838005
18944,615987.0028048567
18945,239426.73790222398
18946,473751.7207847123
18947,582652.3563517124
18948,228941.69879204352
18949,246120.1076831462
18950,1844274.2385875848
18951,335877.16574924043
18952,245640.30830282962
18953,637958.9530778212
18954,467036.6214133214
18955,730218.7450877065
18956,550948.9982702679
18957,648673.0905200538
18958,371758.6802364612
18959,565428.4499397685
18960,671086.7095632411
18961,288887.53175574477
18962,552377.757097172
18963,325558.1484339593
18964,552005.1551890484
18965,902224.854143373
18966,434408.5755711374
18967,984362.5815613001
18968,675686.5608821101
18969,270881.48600289685
18970,457636.20597512735
18971,305249.0973992512
18972,280322.18650215166
18973,508400.24471206305
18974,328217.87170156685
18975,739269.8635167652
18976,283130.242788186
18977,435103.78393056587
18978,458933.9741360517
18979,218589.1225508787
18980,263678.3523363046
18981,992400.9118558381
18982,394456.90532094927
18983,256282.53673887486
18984,806551.7672432064
18985,334448.33581907646
18986,567329.6167392759
18987,808473.6601530368
18988,314593.804171897
18989,222877.26948261604
18990,565733.4815315405
18991,1125334.0699525212
18992,267328.84912901005
18993,424671.95179162145
18994,311213.3374186101
18995,328259.736141217
18996,783695.0151636194
18997,307148.5584143287
18998,342556.44331112085
18999,504447.98444975674
19000,329719.0196255583
19001,326022.69396438234
19002,292538.908136283
19003,1153094.2169239444
19004,303831.45866458194
19005,870840.3120137029
19006,1286867.4914885703
19007,516057.67692402785
19008,624868.5554755621
19009,230528.87542220057
19010,193743.0817990657
19011,510564.94583561405
19012,577690.7747564205
19013,581458.4540946961
19014,616358.9880505078
19015,222171.44771560875
19016,597981.3842608891
19017,472545.5319705055
19018,1939885.1638885215
19019,556690.441697486
19020,722137.3948215051
19021,683464.0540473942
19022,2737768.87217038
19023,369769.20718048397
19024,402934.2911199228
19025,370523.73467660963
19026,454917.115762548
19027,509722.99056648655
19028,721475.128139749
19029,530995.7692295826
19030,786829.1972886018
19031,208522.32672080392
19032,251742.93140323876
19033,454841.18006626604
19034,339560.607537421
19035,329434.6421392532
19036,448425.32464870164
19037,815630.6406635174
19038,503583.3755195565
19039,767021.9713739603
19040,614040.1495614813
19041,591814.6738141673
19042,426408.92253418255
19043,605063.8003006809
19044,815425.6667242761
19045,472331.0769953577
19046,403809.36642008944
19047,420339.7251832436
19048,1469978.4250345756
19049,586866.414650031
19050,541179.1930205709
19051,250280.0467436985
19052,178461.9474313683
19053,442259.13668955956
19054,806389.0461783566
19055,321529.40160827833
19056,219674.80626894961
19057,257726.53368424927
19058,605267.6419733618
19059,486343.5823745315
19060,204073.07791161558
19061,344758.4790123013
19062,309994.23373052065
19063,313228.96391707496
19064,304044.2721589518
19065,1731924.3132800092
19066,259918.52370067078
19067,372598.8449451157
19068,841603.0903309508
19069,545926.0093288692
19070,308202.5089995072
19071,635501.6106753399
19072,343860.91315024777
19073,238816.21675087893
19074,742031.9969881783
19075,322504.4837979112
19076,280251.69189285114
19077,659571.466985724
19078,557816.0156365589
19079,309279.61581116996
19080,398894.707341221
19081,254221.23771558722
19082,945672.0026951421
19083,339164.60279770853
19084,535864.0024933969
19085,602348.5685679641
19086,494045.58438829146
19087,380485.8525715139
19088,228550.58675811038
19089,250124.66263515485
19090,777427.1614650886
19091,484073.57951329794
19092,318148.4404712757
19093,637365.4682036961
19094,365087.94153942517
19095,328304.1052188026
19096,453988.0570315156
19097,788200.8279487038
19098,511000.8062948332
19099,414400.80951361294
19100,326999.31207754
19101,281600.3652889979
19102,250892.84146428283
19103,202709.62473456212
19104,477445.10153861716
19105,294765.67903292703
19106,733262.5374643995
19107,501977.255178016
19108,435069.8178315219
19109,262339.4630516484
19110,453541.97338724165
19111,668277.7741950412
19112,209320.65216409517
19113,1451189.1026053762
19114,334884.46858468803
19115,818602.6690165462
19116,225381.12566180556
19117,729130.1324379311
19118,402917.45886119746
19119,1102544.2791448212
19120,305171.0411622259
19121,248359.0289367273
19122,657671.4218536259
19123,1151670.9624128737
19124,297429.70795431134
19125,397082.12021995476
19126,306829.32924302306
19127,820529.173315482
19128,410269.0473726285
19129,992276.5909126417
19130,310713.4465690433
19131,372513.4397798737
19132,456187.4124142845
19133,561717.0971574797
19134,590657.3411318631
19135,548989.9456478262
19136,152121.34366159653
19137,883348.2975661992
19138,332522.6718614355
19139,489826.2260852551
19140,289527.6093256452
19141,253221.48550346986
19142,291454.03959061165
19143,377179.16955728893
19144,485832.66612773243
19145,550670.1058013573
19146,680861.632002019
19147,577697.580861127
19148,644335.3788314775
19149,370998.67838857276
19150,224435.03801391207
19151,530819.46798546
19152,496619.38145061815
19153,539258.0118789918
19154,243656.60723072916
19155,565755.3434252972
19156,312367.65398536
19157,437833.53535514034
19158,575575.7544488106
19159,464014.9130900524
19160,307533.74569949345
19161,305101.47297508037
19162,664546.2484039213
19163,696940.8539431328
19164,443061.4021859448
19165,330999.1436117758
19166,234831.5459021638
19167,707399.0294244906
19168,331060.34892741585
19169,670634.4766318293
19170,507092.1434342767
19171,280191.984145726
19172,625598.5883673267
19173,694287.4780242341
19174,459083.3534328657
19175,588520.0559746019
19176,189654.38038949278
19177,482461.43550303904
19178,486851.8119337496
19179,406264.6940341801
19180,706722.3178388391
19181,680471.8094108176
19182,507160.17717766925
19183,356973.55857230636
19184,607840.2540610725
19185,609580.8545221713
19186,309935.1861082224
19187,232075.73449639636
19188,510899.7129412369
19189,238287.65638599754
19190,1103962.5486218869
19191,812796.5780368242
19192,368584.8796487455
19193,467977.54409133387
19194,827961.1437802549
19195,498305.14007155667
19196,501514.0809325401
19197,2253349.9959138953
19198,264144.4126430384
19199,367183.72376449825
19200,307292.97841111326
19201,875992.4382894167
19202,413696.5654817392
19203,991075.990262884
19204,324168.9399872205
19205,170561.706659835
19206,616896.4180834586
19207,613897.9730321507
19208,193653.13989639876
19209,158048.86237169377
19210,339232.8283000161
19211,228638.55500086906
19212,455704.35309778113
19213,222130.08330410032
19214,494800.7747675526
19215,392000.70638504013
19216,392389.73167638795
19217,1908989.8315604045
19218,684194.2647185583
19219,296837.75553334126
19220,683792.9506360242
19221,429707.8694409151
19222,2248071.3754899465
19223,427688.47703288903
19224,367013.98595406214
19225,662098.4774608978
19226,276094.66088632814
19227,305653.7833073968
19228,380396.15608207823
19229,428762.861796785
19230,427087.26659314113
19231,741094.7690849433
19232,868708.1153360915
19233,521359.5044212173
19234,673758.3667081321
19235,680119.9234011826
19236,483136.7500235162
19237,708651.8356955851
19238,287474.79869208735
19239,903298.2728257114
19240,287754.0575818488
19241,696517.4453650737
19242,318821.7759139318
19243,287706.2961515393
19244,690169.2253323351
19245,573335.0732485794
19246,627679.839773251
19247,309981.8415025499
19248,651862.2159640617
19249,1045684.0798964631
19250,273794.84986451763
19251,282665.5621915352
19252,535871.062542204
19253,215401.18767600664
19254,390695.69786533224
19255,429516.74835224304
19256,264915.9441624194
19257,198559.38513987072
19258,661384.3469514936
19259,2256393.007482999
19260,571001.8010039682
19261,650562.0531460727
19262,1295690.5560354341
19263,482864.80137739197
19264,242100.46449794207
19265,714353.6455407497
19266,669846.3128783563
19267,353123.2542000848
19268,661687.9708063991
19269,761951.4923468265
19270,408847.1340782489
19271,249346.9858188643
19272,331541.2870975392
19273,272342.5746924185
19274,662864.7794712716
19275,472979.54525743675
19276,448168.6341719651
19277,287597.9466326921
19278,244070.67373348033
19279,1200813.4337880623
19280,399337.8447129064
19281,312025.07399949455
19282,371455.95428662625
19283,623363.1759225123
19284,494514.92492036463
19285,381991.0066875406
19286,363842.28536851023
19287,607121.8527894403
19288,643128.5739026073
19289,234852.31431899173
19290,561657.8548340802
19291,542363.1048515069
19292,762027.7976056122
19293,543518.8849548472
19294,510027.86991909315
19295,278596.1730882035
19296,831472.684838273
19297,1178706.201594874
19298,393709.05058426823
19299,676370.8925632169
19300,525864.9428876935
19301,359561.1300617714
19302,209165.55023742365
19303,445627.17190724687
19304,348702.783401903
19305,957552.5901823492
19306,285821.23507345095
19307,533588.899070028
19308,473860.9675842519
19309,428766.79591887345
19310,1576109.3583475617
19311,204877.95128357856
19312,171798.82836304352
19313,800943.7585877422
19314,348153.1531994528
19315,1059860.3117558963
19316,465237.7939620568
19317,573652.7494814855
19318,226937.52789992304
19319,232474.3547747785
19320,451676.03989175346
19321,409857.36516909575
19322,275784.94134449586
19323,200399.88438219673
19324,157180.09631037508
19325,427850.37640140945
19326,408763.516173953
19327,535816.3850080034
19328,570188.6732579975
19329,639216.5970127874
19330,369552.2796290363
19331,203317.1608520134
19332,649210.0163225895
19333,323572.7641171499
19334,373361.3041373861
19335,300187.63532590773
19336,233791.681658522
19337,409836.44578214694
19338,473090.0980350486
19339,431525.99829610327
19340,294223.5838747119
19341,244667.30330337046
19342,378752.8893010814
19343,1542419.262608447
19344,258120.8320223146
19345,251469.01765732723
19346,408829.6248886022
19347,377148.00096658577
19348,340449.78861141676
19349,401029.0263088335
19350,255623.0335305609
19351,756758.2445360319
19352,471185.1419385093
19353,375348.1901682781
19354,289945.8466738442
19355,530253.3730005107
19356,310490.29999401345
19357,1336348.5753723925
19358,451195.90082892467
19359,353755.801237897
19360,363163.7708302364
19361,181214.9161462874
19362,211561.52542776748
19363,591822.4364564368
19364,681565.7895537096
19365,462884.00591058127
19366,423501.35996983934
19367,602027.3986214653
19368,274485.12680426997
19369,840083.0934303715
19370,340102.3089563973
19371,252132.3546572531
19372,430659.70142190874
19373,555355.810729984
19374,251922.6688584875
19375,319953.9009957493
19376,578109.3805118259
19377,525658.7327639231
19378,513039.6544963017
19379,460477.2738889105
19380,681347.3939508687
19381,663003.4979089441
19382,275473.5728998321
19383,1194070.2537449766
19384,274381.6095934079
19385,492154.10695184005
19386,414664.4090795948
19387,232444.3303433553
19388,622463.5290881721
19389,495754.4777797608
19390,300901.1067989237
19391,977427.5762815352
19392,291080.8307732901
19393,481260.0527358194
19394,888126.402537004
19395,223611.85304204145
19396,344389.9006122742
19397,268035.5355122359
19398,598656.0820363158
19399,331767.4289833535
19400,427130.44974061864
19401,289221.055306283
19402,278273.61020423577
19403,661297.2764083158
19404,390770.97771782236
19405,724146.8843890507
19406,328832.55478610966
19407,663471.2245900932
19408,352612.55043936067
19409,234471.70765525982
19410,213355.33355981816
19411,284368.61235421273
19412,641351.8774944579
19413,352294.9218525023
19414,304060.19027907617
19415,133933.83447043665
19416,828311.563577625
19417,185060.66673165423
19418,348155.6601478111
19419,394281.61513646133
19420,249063.48292281918
19421,369621.2361629728
19422,269931.1029436045
19423,241915.75062515453
19424,672344.6306035729
19425,533680.4252663997
19426,352653.2361320296
19427,774969.8162869127
19428,622005.852372864
19429,217595.25640800557
19430,309448.9081872881
19431,983472.1414975659
19432,525661.685124551
19433,290302.64853834524
19434,365902.6310974823
19435,452413.0165872234
19436,326404.88210796943
19437,423789.06624445925
19438,1104020.4229489905
19439,444880.9519842564
19440,277805.5165401362
19441,272753.157721466
19442,943281.5102076962
19443,552766.9794474291
19444,441570.8153980719
19445,854048.6004321541
19446,541349.8761700313
19447,335678.2792121585
19448,1049294.3231268174
19449,295710.9186943739
19450,1337375.124624384
19451,341285.29094319954
19452,265009.42780689825
19453,468493.64890319156
19454,396390.1100073918
19455,929160.1611018791
19456,587042.1426609121
19457,490008.96473970637
19458,225465.67047128853
19459,526482.7041534528
19460,254429.6978856146
19461,1254010.3648760226
19462,294981.6164999165
19463,449521.1758384811
19464,449040.58589008846
19465,630019.2009763309
19466,408815.2805763861
19467,395279.5716430196
19468,1260982.4269531136
19469,563397.2060467665
19470,274254.1330090953
19471,528386.7170924707
19472,359177.7507658312
19473,411530.91438671906
19474,496437.2462089927
19475,385084.1998674706
19476,1544996.1353317155
19477,701943.7972368473
19478,324368.53515669046
19479,701604.2298728956
19480,922148.9052083316
19481,970529.0331128208
19482,402288.8737029562
19483,529960.1719785867
19484,885628.9508838995
19485,653965.1079556413
19486,551677.0162333125
19487,463800.2679783083
19488,267959.0813943329
19489,393959.4710596229
19490,239476.87725566773
19491,660063.7912339157
19492,411453.9842946073
19493,586238.6675369142
19494,263192.2832590085
19495,1107046.4824730197
19496,255883.84927466908
19497,608733.0798713729
19498,281978.2410897456
19499,340885.226083598
19500,253428.69808501532
19501,903094.3535698925
19502,485602.82185220794
19503,212028.2348148788
19504,518352.7656594363
19505,1258154.0598589317
19506,272488.243870314
19507,1634178.3383427465
19508,569907.3302038828
19509,552479.3278419204
19510,964885.7467810181
19511,793979.7573274865
19512,398181.6022224633
19513,559867.2444675071
19514,602346.7659404855
19515,281938.9938686332
19516,1011562.1628962557
19517,444252.6740284182
19518,551301.409668256
19519,432518.998528847
19520,522883.5165399352
19521,946416.015692729
19522,520360.0038470962
19523,406228.00842805544
19524,513935.6215198634
19525,442513.4694301465
19526,296037.66978887725
19527,467282.7327224214
19528,671453.9388566639
19529,634840.969304898
19530,377061.73854339
19531,351559.4858240836
19532,601700.5378496201
19533,289022.4453280106
19534,236744.24688968124
19535,1772737.7093336303
19536,922550.2714958473
19537,649739.787163466
19538,506541.7918145951
19539,342114.3075107588
19540,432977.4265613075
19541,223659.41912182534
19542,594249.922338268
19543,585621.7726308154
19544,797414.2176233359
19545,1682511.8927832383
19546,186366.64074010987
19547,998130.3131100569
19548,381858.0363064392
19549,558358.851383645
19550,1237057.9408849743
19551,1003867.2269559818
19552,1089782.4552639602
19553,418889.44814339717
19554,274426.58444800955
19555,1064704.6216657585
19556,1258136.6448200452
19557,2154458.8422775697
19558,392696.23740469024
19559,631327.5943447431
19560,385665.49521708343
19561,411663.03071821545
19562,459023.54555764917
19563,831050.4746716524
19564,461777.0235891701
19565,855385.3774338356
19566,300384.6110881972
19567,321591.4005946389
19568,725293.703723551
19569,271666.49148020253
19570,308503.4952022654
19571,290688.3585083477
19572,201496.7508394955
19573,594561.0113775729
19574,253879.15032597692
19575,556189.1940096766
19576,614118.5443288463
19577,661687.7288609096
19578,1116208.9346052818
19579,516829.50043854385
19580,498169.6283542733
19581,803562.8458475056
19582,325358.25185023126
19583,271010.6702939149
19584,1592525.2153995929
19585,884016.8095797641
19586,952889.1862964109
19587,838556.0286699685
19588,387849.5821124712
19589,212100.6660611625
19590,879207.3307374538
19591,706657.3381796033
19592,950525.9508163871
19593,1081741.0093236368
19594,367919.7635320434
19595,312663.53716952825
19596,577704.4832015915
19597,382336.2461614322
19598,735674.1799849623
19599,392577.70970273524
19600,320245.86234108725
19601,538716.5098796369
19602,252834.7238151253
19603,314168.31272847776
19604,845241.0050590612
19605,1024158.2987824361
19606,350579.61858954816
19607,278492.4990829497
19608,318758.61178026226
19609,1029922.1876824532
19610,1050701.9702446065
19611,592027.0085744063
19612,563000.8172715778
19613,231104.48913137888
19614,263957.35152962396
19615,220755.9235357356
19616,517649.64643191313
19617,1076734.136588793
19618,244646.05689299165
19619,851234.0637041514
19620,220770.6351368556
19621,294430.2923737396
19622,623415.0712884157
19623,274724.79976418335
19624,2716586.279910629
19625,467976.90719624306
19626,310871.02841012
19627,801989.8962831631
19628,400845.2852122206
19629,314280.9574496438
19630,763250.663529532
19631,309584.2941375088
19632,1087564.3730461258
19633,176029.4445020308
19634,674367.6452551433
19635,913847.3233810392
19636,733172.0858375583
19637,478532.45278244093
19638,461247.7706742227
19639,389993.35123589076
19640,413145.7454037303
19641,2338062.1487013465
19642,218727.05007550633
19643,495898.17128919775
19644,292338.8436343394
19645,700384.4124376285
19646,190156.30870627394
19647,462161.8189062279
19648,275681.2799352613
19649,371386.1759300927
19650,565254.4993903731
19651,330090.0777159011
19652,587484.5921097546
19653,264185.4598697014
19654,349289.2265715097
19655,728126.5453046774
19656,1503462.1264324286
19657,400804.3379541116
19658,601991.6832339697
19659,631044.8113817066
19660,753365.3499970533
19661,285224.70311793144
19662,525228.2057595191
19663,336629.94012720516
19664,307763.95036316285
19665,280587.7626282864
19666,286109.5846169105
19667,310861.3760425941
19668,676401.4515272033
19669,683717.7246333397
19670,447454.557438204
19671,203239.552691674
19672,509835.40272704914
19673,259664.4347071682
19674,353488.8065321059
19675,262999.53496069467
19676,740543.6198719974
19677,596252.5041197453
19678,457133.81816722086
19679,400429.3554306
19680,238784.3407592083
19681,462548.0192716907
19682,776635.1714111451
19683,361056.6810251402
19684,1327706.8819969662
19685,768160.1980621904
19686,415723.45179297973
19687,334691.5855637209
19688,236623.91248613416
19689,973310.5598158491
19690,708524.560851713
19691,308026.9509707203
19692,618282.8583420169
19693,470895.4278836917
19694,376877.37158561725
19695,429645.4588354896
19696,670431.3165380558
19697,575121.0735823766
19698,1762763.2834698178
19699,627612.4497928517
19700,652335.4594432763
19701,373515.09988924454
19702,740725.8164933082
19703,336666.4792879268
19704,575407.1191476281
19705,430640.45269485895
19706,402254.1712565942
19707,384173.9573068561
19708,190581.5451218149
19709,474714.95215990744
19710,867136.290395241
19711,317525.20381291385
19712,360204.8070214579
19713,416108.2521102237
19714,546761.5447036197
19715,522076.55140138883
19716,368201.90062779194
19717,635583.4535645914
19718,210334.0520750541
19719,392898.3782379078
19720,288413.3716281077
19721,1121423.24789972
19722,353836.9687368279
19723,399637.4974199892
19724,1400247.9434881369
19725,283438.4436026361
19726,335532.66765607183
19727,286803.41823669313
19728,147827.53196595778
19729,611850.8987792244
19730,2097988.773909869
19731,341614.73353654565
19732,452079.62240327545
19733,743387.945534099
19734,439987.1122081408
19735,1218737.3610340087
19736,333163.431787907
19737,491020.4501119238
19738,410232.87510070595
19739,474374.2250445706
19740,249128.43155128538
19741,649854.5275511561
19742,467331.5225217987
19743,458534.2848363602
19744,353782.1048793081
19745,573865.7270022887
19746,192974.40006840334
19747,675164.002015018
19748,257884.96317413176
19749,250950.8900967328
19750,743878.2409644539
19751,289949.51074642764
19752,885703.8253137864
19753,825897.5989066547
19754,993833.1304126873
19755,268090.4803912343
19756,373426.260303607
19757,353496.5081929999
19758,416667.15238728235
19759,348297.725816577
19760,448434.1494251873
19761,341102.62002059707
19762,468411.34903223306
19763,214445.8431761453
19764,367209.91243666725
19765,992229.7065784191
19766,216875.96842074688
19767,539808.0996856629
19768,260335.28767171493
19769,224808.31633733198
19770,377819.1378219612
19771,286221.96328361443
19772,253608.03196408128
19773,717900.544895448
19774,312553.5576277489
19775,507418.10404290434
19776,528070.1600466784
19777,616756.2033761315
19778,291490.1910640527
19779,344612.46413837525
19780,840052.7296715901
19781,259777.3012967473
19782,763283.7033310864
19783,410896.77437886706
19784,632985.3242531945
19785,370052.2254647355
19786,250020.00608549017
19787,536272.5044364044
19788,974023.1926529576
19789,655479.3087907677
19790,505523.7502994156
19791,499162.1896987949
19792,1482518.3839075405
19793,748814.4211227276
19794,358893.4105105084
19795,583481.4216834013
19796,280487.8343088342
19797,740334.7849502474
19798,238803.4783621333
19799,378723.6176536367
19800,432191.50139850413
19801,575093.1197500679
19802,564949.4263803373
19803,339311.49711648066
19804,1006952.8486789305
19805,310688.84227694635
19806,680206.8035056295
19807,345208.94947990426
19808,226186.35207579102
19809,652202.6306233559
19810,285366.10236799734
19811,519863.7493849355
19812,383293.25037745445
19813,1091673.7414347937
19814,581154.1698930889
19815,212645.73338198464
19816,620524.3028746265
19817,797461.2306017086
19818,667372.5604643559
19819,205370.6444886187
19820,683592.8880625165
19821,410623.63840963744
19822,744399.619253023
19823,434916.6734743977
19824,267765.7555661446
19825,371993.01732155756
19826,483958.08925815515
19827,336140.4791719324
19828,784998.0677994186
19829,393495.83561850706
19830,414585.57454345777
19831,809852.9966178368
19832,424082.3307628654
19833,608216.903388641
19834,520569.0410037706
19835,472062.598011479
19836,326545.8931381869
19837,367974.11088551435
19838,581269.1751020091
19839,952301.5721919538
19840,279886.3975774977
19841,238245.57975241484
19842,315205.56294045923
19843,953831.1425892984
19844,463725.74611534225
19845,757257.519645958
19846,261329.6830111364
19847,1819596.5786063292
19848,421107.54117374134
19849,367053.53367595735
19850,359994.24814726313
19851,475908.010935891
19852,376208.39405945817
19853,588244.0422881425
19854,255386.0904956923
19855,433404.7343139507
19856,1098083.13333682
19857,498718.8185985738
19858,223876.92446320617
19859,753294.8820140912
19860,562963.9048968846
19861,281178.70994840993
19862,369334.2360936602
19863,588728.8240620805
19864,532762.7487809074
19865,227341.07767172635
19866,1322472.6715259224
19867,228084.6667573302
19868,250925.80341522838
19869,284255.552000078
19870,424200.7815284239
19871,202159.1867561118
19872,277299.7461664251
19873,282315.0012919124
19874,222315.3762816027
19875,245583.82206215453
19876,802947.4481108774
19877,277704.82328649494
19878,347681.68635684374
19879,662064.7766962951
19880,848310.7641598298
19881,1199749.0056628885
19882,615572.8776873215
19883,324256.08823650173
19884,268792.09138486127
19885,228399.84559048343
19886,697796.1595697616
19887,430446.2477965285
19888,185725.44065450216
19889,355325.82409454224
19890,314679.61519994185
19891,583868.6229735027
19892,434586.30276669667
19893,942709.9571647608
19894,339263.0214545022
19895,585198.6776488334
19896,274416.86164395284
19897,1226883.2110849284
19898,327956.3190594637
19899,164003.08012909934
19900,1157557.2039146249
19901,1324441.320997542
19902,266741.36426776904
19903,1662692.6274967634
19904,562455.8144272942
19905,421139.7702260966
19906,366550.4017836691
19907,228178.95281973848
19908,215011.46472732475
19909,344515.9176954181
19910,738445.9913200402
19911,919658.1397331377
19912,511841.79751394247
19913,412376.87274157675
19914,728184.4926788365
19915,325438.3045946855
19916,853888.7571296532
19917,664684.6222117989
19918,392830.9194007194
19919,184624.29242024705
19920,310911.8809655604
19921,679438.1992931202
19922,169982.5324775086
19923,625361.6357985999
19924,266534.65098711697
19925,363310.56575803406
19926,335364.04312601953
19927,1265854.0591841026
19928,637185.0880264923
19929,571041.4930985587
19930,1297959.0193558696
19931,496614.71629698586
19932,715486.6641578992
19933,814221.6414240814
19934,157748.08114839526
19935,382062.77421022183
19936,405381.97021481855
19937,383419.07033056975
19938,632183.3562754628
19939,561946.2382669601
19940,1103506.6800257235
19941,402236.7809557479
19942,598842.0901979718
19943,299654.8321127639
19944,401628.81941609073
19945,213553.14430127392
19946,502052.45727911504
19947,203592.12829621046
19948,355893.0019448215
19949,706336.666615971
19950,826660.8914141008
19951,309327.9229609787
19952,421944.12270775146
19953,386531.58543798106
19954,393048.33675084886
19955,348087.6338708459
19956,221486.2241222536
19957,402638.36881634285
19958,330795.2751740617
19959,205390.56657226456
19960,346301.3315501605
19961,667111.6293971444
19962,182361.7415612608
19963,371956.8811057284
19964,190157.38261634577
19965,433560.23959828285
19966,935481.0647877757
19967,272146.98276724195
19968,764660.559627153
19969,464588.3250633925
19970,781062.4850735642
19971,320226.5276356541
19972,617820.246658446
19973,386101.3590494344
19974,952952.6927949416
19975,1116268.857512922
19976,280251.0436516986
19977,550471.6264950593
19978,471769.7429102373
19979,417939.21592415177
19980,263894.54347771127
19981,614439.2316864266
19982,458004.3339809836
19983,645453.7400738725
19984,495166.39352530596
19985,374716.42506261123
19986,398308.9366498428
19987,239721.25115812809
19988,338964.2344215836
19989,975499.6992206465
19990,869975.5175006768
19991,304096.2228846269
19992,199532.82604512948
19993,522363.71503610833
19994,242723.34019253188
19995,298501.0975970555
19996,750627.8690195506
19997,324125.4136709349
19998,367686.5436046206
19999,558555.0771449785
20000,656245.4756623241
20001,577374.4018748638
20002,457505.10982014297
20003,394691.05744642456
20004,432255.93341162795
20005,626705.6015586711
20006,535398.8375922423
20007,368670.49069400784
20008,464731.69508922513
20009,417865.0005829736
20010,528369.3174496414
20011,657233.4574330883
20012,192490.1615954169
20013,578706.9895154116
20014,635959.2078981079
20015,497649.663041105
20016,179955.57426877288
20017,396216.33411564416
20018,2813965.64333266
20019,207842.98416567637
20020,615764.9580476916
20021,303179.07105184556
20022,413350.13262920943
20023,539255.8564170297
20024,566465.0271095157
20025,218827.57260498384
20026,572425.6846023821
20027,196413.63087963252
20028,472003.0376789562
20029,792735.9355559112
20030,512128.35240844224
20031,503707.8110487073
20032,330836.5144981329
20033,422495.018099559
20034,492693.130855444
20035,667408.4131134932
20036,568407.0134811074
20037,2043506.5671799104
20038,720471.7632602479
20039,232384.14074910816
20040,320097.7150025793
20041,287415.5395560277
20042,251548.62760451445
20043,291748.20830947097
20044,544811.0063238877
20045,210041.0783190926
20046,1701277.3021095605
20047,200813.99942998064
20048,611272.1580928491
20049,273350.60621294944
20050,226275.3566553907
20051,356939.4194123859
20052,229605.86571924042
20053,1424294.253966244
20054,241316.34325384392
20055,1972310.979187219
20056,228162.4516987692
20057,717156.550894101
20058,451307.2695130249
20059,510078.9367673287
20060,845152.0447113715
20061,320942.62853572896
20062,304488.3961796318
20063,212755.84477393495
20064,347929.1811411942
20065,384815.75906386285
20066,494870.85057198623
20067,765939.3281098608
20068,740337.6182592942
20069,587972.9068301234
20070,363383.73144170817
20071,886053.2435319459
20072,658168.8072655892
20073,297486.34085186437
20074,458260.6799706672
20075,312252.6969743663
20076,855542.6673049115
20077,283338.41922710405
20078,567922.4590246001
20079,345451.7487333017
20080,424021.8762154551
20081,604385.0286129549
20082,214669.99490446676
20083,551459.6683448557
20084,752904.104090257
20085,405010.47461668367
20086,199398.84417104285
20087,485638.94782201777
20088,1195560.778766309
20089,368130.4308275969
20090,488920.9028754205
20091,460976.5763755766
20092,314807.21678863897
20093,662608.5941817793
20094,406326.23940073245
20095,875523.1301323129
20096,1563391.8076671823
20097,327930.801699184
20098,187596.21331272545
20099,1540709.221175488
20100,662370.2289558791
20101,198972.79035774895
20102,478121.0878747845
20103,281202.80263494904
20104,379642.6072592102
20105,168396.7433782455
20106,650740.5401521112
20107,426302.87175224454
20108,271891.73978490307
20109,484592.37149597507
20110,408176.6411140332
20111,380198.9235916903
20112,525691.973543355
20113,274449.37496082427
20114,299785.6548901298
20115,549579.8865664513
20116,375092.6295844457
20117,495070.82707957306
20118,849068.6492273393
20119,556888.0584774297
20120,719520.9780363332
20121,281786.1955090989
20122,440285.9044624938
20123,345757.34085328405
20124,328451.25224027294
20125,1210837.8116266914
20126,253679.5567715746
20127,391892.7670568016
20128,238115.08906959707
20129,528881.8077206637
20130,364560.592149897
20131,897836.5263974437
20132,368946.9268190102
20133,293903.9589942512
20134,424620.0017706135
20135,349270.8059404776
20136,238395.15485156162
20137,434747.9473791237
20138,481733.525115183
20139,722311.6324803595
20140,585200.6982182142
20141,207974.1016942312
20142,488345.4810506481
20143,329521.15300304367
20144,566322.6864474223
20145,704243.8749635207
20146,403451.0559295075
20147,295893.0671295608
20148,704835.8675663423
20149,1563667.6416274197
20150,529926.5521070539
20151,523241.0616905114
20152,215719.90577801925
20153,453075.9431002557
20154,458551.0429059641
20155,672818.3246217323
20156,402015.5960525644
20157,477998.55243890185
20158,410526.06840118597
20159,438175.12142339326
20160,550824.7108268813
20161,385128.5270677685
20162,882108.3369614935
20163,260062.11435305362
20164,229635.62940866902
20165,243932.54891495118
20166,475019.09552112414
20167,351478.6775717038
20168,351255.6544744873
20169,1503650.8011077116
20170,353004.97912904125
20171,619316.2211725904
20172,894226.4077407995
20173,296603.87262785557
20174,465000.9010233015
20175,678676.365002451
20176,236525.5296474852
20177,423437.0905510394
20178,232444.3355278318
20179,471118.8047077522
20180,287990.84570179635
20181,310893.76300448395
20182,508177.53400611714
20183,1217484.2126530379
20184,734966.4816314481
20185,956602.9630883397
20186,676249.2617684813
20187,535438.0581850697
20188,453306.2598696448
20189,896564.9376662895
20190,365218.10428363044
20191,656452.384536925
20192,389087.3653921577
20193,219865.25671065613
20194,394128.3503223579
20195,740627.3995826064
20196,719790.0284638609
20197,284764.1846487425
20198,325422.41875043494
20199,395234.3218726114
20200,530283.4917896499
20201,300404.1180995368
20202,1623869.033124895
20203,225274.3098211225
20204,647585.8097052035
20205,1075938.2978473082
20206,268142.05066672893
20207,1293250.8595757203
20208,462559.49177180347
20209,775150.0837268666
20210,343736.39248275006
20211,288632.01479291986
20212,498740.46305871726
20213,646488.1630710853
20214,282826.6963657931
20215,628309.3814706889
20216,289688.75703381404
20217,259300.27888257205
20218,658090.9948568313
20219,2358101.64546577
20220,572595.5778375745
20221,315693.6795238602
20222,304823.12364230695
20223,472349.35243945476
20224,296801.38787021424
20225,446586.7372214813
20226,284281.3734871944
20227,237457.35696871128
20228,632316.6938018131
20229,461213.5588760508
20230,288903.15922474454
20231,187847.38424490162
20232,614718.018928643
20233,221718.4741794408
20234,541726.9291232094
20235,430017.48912892846
20236,435538.330796962
20237,465967.74287167215
20238,232120.6472141755
20239,381638.1090384171
20240,613827.8554878408
20241,415337.316854802
20242,469617.190612507
20243,789713.0956565201
20244,199640.61652522723
20245,949604.9776087683
20246,709232.1578246508
20247,779253.8277360935
20248,392945.54817711585
20249,181249.9491330448
20250,399922.6661977408
20251,513716.34920863656
20252,512021.40176782775
20253,786324.8719362422
20254,395027.4858485242
20255,159267.89632831287
20256,345545.1760506464
20257,832475.1438257376
20258,613149.1023922937
20259,410046.91643180297
20260,591504.5306518351
20261,311176.9266805565
20262,253010.63356434155
20263,183645.20342686676
20264,737817.3944471611
20265,265723.469657446
20266,670862.126895549
20267,272988.5378497265
20268,410723.0613507765
20269,506090.80741976085
20270,662580.9332124733
20271,490911.5024817857
20272,544588.0582596422
20273,649543.4240559185
20274,480220.14188750804
20275,305324.1771396581
20276,705402.3058848889
20277,1547450.0315034436
20278,710846.5758617102
20279,676785.6417665682
20280,476512.07259572035
20281,593578.2040727091
20282,358887.45475087006
20283,402085.166041314
20284,335685.58538692375
20285,257210.36122433958
20286,240624.35045843574
20287,249823.7448623283
20288,712963.2135726698
20289,376054.6691971231
20290,627631.1873362921
20291,531655.0333034457
20292,1009406.3789096504
20293,517142.73609255615
20294,633311.782686184
20295,225821.26501777922
20296,587303.7496846489
20297,727947.4049836689
20298,347690.83989463415
20299,497415.28021044267
20300,388926.0419379155
20301,419313.2008245317
20302,679854.47825691
20303,2151469.127191403
20304,494248.0247882138
20305,613875.3639251981
20306,506205.7084394636
20307,304010.0120324726
20308,133364.65040397193
20309,722388.7022559794
20310,700864.3613153892
20311,766131.1431275035
20312,454504.3817131254
20313,1073514.5842900013
20314,183366.8606709248
20315,384789.602160003
20316,210789.99427527786
20317,290185.19898066943
20318,1098568.3307162544
20319,291945.027230262
20320,653636.9189926441
20321,374891.4084825247
20322,878130.8417018333
20323,226742.36545594045
20324,910675.2177921083
20325,727691.4737114975
20326,679969.4481386953
20327,335944.75645529304
20328,532002.5359859233
20329,477075.3778073532
20330,481963.6248002597
20331,226803.80608589592
20332,1405069.468786181
20333,1252952.2021637892
20334,730881.1926504431
20335,491831.39388315653
20336,746400.778071709
20337,802715.3866934489
20338,396153.1368750326
20339,245186.1122565931
20340,578719.221068316
20341,216260.14707799838
20342,408962.4731671653
20343,922948.3722581698
20344,485347.39348399505
20345,907057.1940273957
20346,481824.7164280299
20347,449155.5426045444
20348,395644.2552876199
20349,343519.04662814003
20350,821315.1275946274
20351,722370.9679196532
20352,639680.181549193
20353,821550.3380409433
20354,541600.1993971763
20355,560476.3676321825
20356,742636.1520487318
20357,1240707.0984470185
20358,732758.7516000869
20359,904299.9653501003
20360,935439.6321866843
20361,782533.7957466912
20362,187188.44914944412
20363,554293.4618571077
20364,543280.3847498802
20365,267800.56442686054
20366,292222.7431056847
20367,542795.063027255
20368,770881.1505349703
20369,253237.42650365364
20370,343517.5736767346
20371,398984.04395733465
20372,224224.66765158207
20373,669910.5958183372
20374,583369.7670931914
20375,278525.95415082667
20376,191845.62115960612
20377,224496.83921935054
20378,455173.4455364265
20379,582433.4408535108
20380,477984.89057334996
20381,763386.2302789532
20382,429390.7970182029
20383,755936.967217751
20384,278987.9280482432
20385,397178.3469503052
20386,311949.04959287005
20387,357865.49708447646
20388,550806.8121543232
20389,308648.69314780465
20390,409778.8073481136
20391,503551.3196995271
20392,276197.18036595354
20393,682937.35110239
20394,179306.6363240494
20395,233497.40474787442
20396,587026.119065981
20397,624613.6181787518
20398,676102.9223225339
20399,644153.4879228364
20400,1385180.119906924
20401,1073047.2709261852
20402,213718.65101255482
20403,695578.1575535494
20404,387841.708421728
20405,1348418.9941378694
20406,385583.4207872581
20407,185926.7194195928
20408,542595.4063739105
20409,509052.5637751549
20410,759781.355127533
20411,596709.4610709714
20412,629389.3394509465
20413,277513.9893614665
20414,401181.8544859195
20415,306938.8261592617
20416,825256.5229352104
20417,192365.39591356541
20418,1136256.6877292215
20419,490782.67351087916
20420,416152.87543365656
20421,287408.9373782154
20422,310822.09069550986
20423,297446.9028331201
20424,581120.7175405365
20425,381885.16574282583
20426,2372038.979067063
20427,578073.3241354169
20428,965705.2150954673
20429,1155273.5817955614
20430,260804.51070288694
20431,735633.2409744493
20432,589718.8813835591
20433,355268.2980318758
20434,410323.6019223384
20435,264760.1998998103
20436,650761.2887351755
20437,538879.556929381
20438,388738.08120687254
20439,591953.4597833861
20440,418640.4361487557
20441,316639.1460148516
20442,815936.6403281364
20443,631324.9520195401
20444,495688.17050922144
20445,208120.7978242779
20446,268482.07098811766
20447,1586145.2734155722
20448,1204491.7653177942
20449,253615.01693082412
20450,758247.617417231
20451,237775.3227112615
20452,217662.64190538687
20453,793336.7203626975
20454,178217.40394532
20455,590151.4466516551
20456,250563.66537239263
20457,196968.39569468173
20458,265166.8325364967
20459,237163.87480759269
20460,302944.3664677938
20461,485455.89419711544
20462,560178.3217462412
20463,476668.4204613454
20464,737915.7428975672
20465,373904.29227399395
20466,458710.1963967494
20467,423723.68632455246
20468,314525.8414253988
20469,461906.00757368293
20470,829099.2943260799
20471,356988.23138879595
20472,327051.6143986297
20473,678292.0508181339
20474,338161.2803033118
20475,274590.8767979644
20476,423140.6724262207
20477,213585.22672317247
20478,410257.3322195131
20479,232664.7754524159
20480,662097.8060372005
20481,951335.6415212523
20482,378554.2229438211
20483,219454.18033023935
20484,212176.24803199165
20485,420554.3943887087
20486,651777.569169107
20487,303543.808255179
20488,452101.1808009013
20489,278327.3302002072
20490,357023.9099988451
20491,1692046.7830440043
20492,441709.6078612183
20493,363099.4949847715
20494,553964.3939407464
20495,205511.4173082121
20496,508863.55713883846
20497,567846.8906137968
20498,355439.3305388348
20499,675868.7877320874
20500,446707.0378037569
20501,192341.06103195483
20502,378538.3431583686
20503,369876.90065536456
20504,515217.6896759238
20505,338752.6442288948
20506,254883.76907090208
20507,588373.9729600913
20508,379456.41595768015
20509,360452.44104515784
20510,1959294.1629564702
20511,298613.8195524339
20512,581243.2430895168
20513,488361.363814682
20514,258272.1815519166
20515,757203.3466804845
20516,250728.36866349
20517,2537264.771725126
20518,433689.960403005
20519,299183.7556627958
20520,336490.53662108944
20521,309451.3936397652
20522,444957.78921629407
20523,261776.8026097848
20524,386996.2161121379
20525,288009.43029569375
20526,267913.1535553864
20527,323131.3902386659
20528,408705.6064789825
20529,268686.2856207909
20530,1128006.4395196354
20531,242543.76057773313
20532,792702.2419970515
20533,381436.0412362878
20534,1443760.5257544387
20535,614674.1992309546
20536,493889.8253351242
20537,242783.43453874032
20538,1011524.4450872135
20539,370771.49695366336
20540,626865.1140608195
20541,710248.5207548171
20542,891290.3575045774
20543,351206.9599727997
20544,1002986.7467830898
20545,247161.51250945975
20546,524119.8990902435
20547,806501.6592762183
20548,435187.5072483687
20549,516933.82697551453
20550,1526301.8069974373
20551,230303.02543168166
20552,768085.7752640953
20553,325640.64013484586
20554,332975.3806466199
20555,864514.560662655
20556,2341256.608208868
20557,243788.30798422443
20558,311878.2664815151
20559,829557.7960122331
20560,285412.6891260201
20561,332268.8912280964
20562,188059.34479834707
20563,735796.1751459714
20564,240406.58356328565
20565,609428.8562762884
20566,566819.2352714294
20567,198694.39175143576
20568,425089.2532881306
20569,291139.852048201
20570,608296.6111004981
20571,476379.8216019201
20572,539304.6290781077
20573,317768.61792723864
20574,182213.3963958676
20575,258144.91135371456
20576,502656.8698973209
20577,551310.672807633
20578,153754.23101968758
20579,745308.1925113624
20580,268630.8840485698
20581,507115.8067989549
20582,836041.0090758736
20583,325022.666962722
20584,1250647.9662792843
20585,708132.4511033242
20586,573199.5838249133
20587,328805.84942504345
20588,650920.9890294604
20589,199691.93785404693
20590,481040.6274394328
20591,643162.0542125218
20592,620722.2064365502
20593,429089.07981669396
20594,584971.3185353372
20595,428659.6177755824
20596,264299.74102534173
20597,906406.6255774528
20598,499543.6107747805
20599,693584.9270917126
20600,207177.1060762741
20601,671925.334013164
20602,698303.1746817468
20603,330987.9021562343
20604,313437.19295662094
20605,404218.55315368966
20606,677044.7522070695
20607,479787.14907587727
20608,317152.3239031311
20609,421623.64564853325
20610,449580.5578729499
20611,459686.778784612
20612,735575.7741625949
20613,250462.42167025106
20614,1407863.4491370504
20615,672202.6977244132
20616,196801.56296516085
20617,722232.1646826153
20618,535238.0933160188
20619,371244.84053159365
20620,518568.3566090208
20621,216023.31545825125
20622,447283.5928131471
20623,408090.1402444883
20624,348316.2206899264
20625,490971.9843551085
20626,341189.23535119265
20627,399128.182998794
20628,278792.18614594074
20629,393742.01343277394
20630,236651.363906897
20631,694620.4522208726
20632,480313.3154126564
20633,452218.84334322077
20634,710725.4539265602
20635,270807.633497662
20636,324101.5653077057
20637,834998.9826940747
20638,378915.7956003895
20639,412843.3148019851
20640,200847.05432881013
20641,289337.8705852846
20642,443957.47494062013
20643,369090.7867088226
20644,319380.05525970424
20645,644417.4374526751
20646,452294.86432915897
20647,241967.23648770538
20648,1104088.7896863427
20649,234087.64116936663
20650,600898.4724713453
20651,718455.8700720835
20652,544530.2432344625
20653,725322.1528748538
20654,610366.9935755141
20655,475302.6443691723
20656,504256.41951588984
20657,2038737.1641916267
20658,1070899.4794560364
20659,427192.0228374977
20660,225320.1301419676
20661,481954.321019734
20662,710155.9658191701
20663,466425.358703493
20664,580450.017351744
20665,607817.5242171846
20666,234626.81771910193
20667,582967.9782543479
20668,525017.5385135596
20669,358572.4292458495
20670,295618.1473912529
20671,604632.5755770185
20672,597677.8933644509
20673,469041.79807394213
20674,532055.4168638458
20675,441056.79124106537
20676,1474305.7966845264
20677,405320.34914288856
20678,403310.1652386265
20679,624579.739021539
20680,440344.14285966696
20681,955342.6006727415
20682,674091.9746094709
20683,371757.45609621354
20684,348583.47704197664
20685,260393.72871997973
20686,315385.77682643203
20687,848545.5942143276
20688,334790.2388661525
20689,291682.9288277901
20690,369039.5235278869
20691,688030.4665587585
20692,467270.8193360141
20693,334682.3475353219
20694,620611.7372455089
20695,526027.9868063264
20696,659204.8497648969
20697,328853.83086900297
20698,562140.8462938295
20699,842444.4420799626
20700,660880.4005093748
20701,400504.27193526033
20702,740289.473927191
20703,231967.08280489227
20704,610917.1314286038
20705,430467.25673131924
20706,867594.4908362143
20707,258952.83662535436
20708,322118.50596666866
20709,339586.1765865167
20710,428522.71144336613
20711,418545.91917396366
20712,1193565.4076921633
20713,759078.2326230708
20714,434609.5489730593
20715,610172.4932834685
20716,450529.95803006913
20717,627216.3172415495
20718,619690.2152094962
20719,1391105.1504780175
20720,491994.60930541134
20721,905463.0200326064
20722,452249.4262115088
20723,1386832.7393335353
20724,188489.17978103153
20725,393923.31425817206
20726,206728.50345153772
20727,415441.18330330856
20728,364571.8197412458
20729,309036.35503867315
20730,2466587.857584388
20731,428241.2808259973
20732,598555.9213765993
20733,830019.7370713205
20734,644042.3460893773
20735,345689.0815688535
20736,711107.5274503715
20737,408582.0490830331
20738,335354.70208648517
20739,582533.3167692987
20740,269166.1288419427
20741,618957.9271113347
20742,775689.0762240975
20743,446863.5057486667
20744,348567.0177835704
20745,742101.911777121
20746,799973.7237116371
20747,294448.5335942329
20748,179022.8010601742
20749,554351.2266434903
20750,526624.722057403
20751,561782.2028261548
20752,204933.7283839354
20753,161031.48061978188
20754,935151.5384090479
20755,588561.8324387005
20756,928644.1563396633
20757,624939.0401260826
20758,526241.1398252785
20759,426658.86577461613
20760,536791.4415816872
20761,602867.401377524
20762,391875.46269510273
20763,240086.22575404737
20764,423885.82552356255
20765,485707.5719578578
20766,748494.4946165914
20767,797871.8934653888
20768,300312.17813000135
20769,356446.7005505181
20770,279825.5325553201
20771,1119625.130622694
20772,322984.17108260427
20773,808640.7366973913
20774,491574.3948582714
20775,419175.49629600043
20776,449790.6295904089
20777,249915.884823129
20778,353347.40603289864
20779,833229.495725659
20780,192944.39717319096
20781,182735.2786653816
20782,369399.90253165894
20783,737156.9148493764
20784,1027179.4576941885
20785,301138.7671742675
20786,911087.9509808329
20787,505094.603907243
20788,793659.4487089609
20789,475622.9402272095
20790,547295.3347899555
20791,853548.6237844551
20792,684103.7291939901
20793,309846.79342394206
20794,196007.034241134
20795,1056858.7608529874
20796,262911.2235967116
20797,260926.11507721382
20798,641271.5725517421
20799,281484.93751169834
20800,681038.9006043583
20801,332691.57823464816
20802,368448.81562489906
20803,494662.52165825147
20804,501198.71278352203
20805,621773.2151846421
20806,510397.3221459357
20807,169036.57870800627
20808,266481.3959561191
20809,369109.90625169454
20810,760755.1354781683
20811,821109.7806891385
20812,269570.00129356165
20813,394213.9923043332
20814,321722.26869992533
20815,580218.7737206598
20816,655458.3567760127
20817,1444345.672750711
20818,625734.2967019136
20819,367294.08182869497
20820,226038.84807006057
20821,296676.8190514273
20822,482506.1372897469
20823,308135.61569829937
20824,178332.01868571495
20825,403655.4779316758
20826,217034.95135042001
20827,636658.3105922734
20828,310956.48517572426
20829,272883.5063988696
20830,745722.1758869922
20831,744983.6802721233
20832,826801.8499145457
20833,1314283.7260644902
20834,489416.25596170244
20835,698281.5053848145
20836,741899.6982309184
20837,434557.07493838365
20838,392139.71603575774
20839,206158.84862370897
20840,488992.3273641196
20841,234696.8207746849
20842,299474.22590356483
20843,634876.8383548607
20844,539118.8242215996
20845,551265.7435012108
20846,231892.9654489184
20847,522504.53078452864
20848,496646.1398187973
20849,625813.37359469
20850,526421.5556899514
20851,205548.41066447337
20852,227462.20267061004
20853,223870.3941934364
20854,574089.2595894949
20855,528776.4002525427
20856,482452.4777501392
20857,204876.56624254852
20858,368240.5883924977
20859,670081.4396260489
20860,431472.92248983594
20861,726746.126931915
20862,295152.9247014944
20863,593171.0067026542
20864,326337.9591930814
20865,517544.34828093066
20866,379150.983898029
20867,256255.4098899829
20868,307348.619969512
20869,393971.61378302047
20870,325161.41256286955
20871,292906.42749494093
20872,594278.8393829493
20873,866557.026564011
20874,334657.94146380073
20875,489518.24450965034
20876,246414.67180461518
20877,429666.2569929125
20878,279986.0004366497
20879,708785.7053250661
20880,349424.5197747599
20881,303211.63838485297
20882,426076.40238330205
20883,222565.11217844664
20884,1918487.975974918
20885,432227.3933022656
20886,1473848.0183765383
20887,544150.3742681044
20888,533134.984869005
20889,290988.0443855832
20890,487649.97805017536
20891,525757.0427136951
20892,356612.15107760107
20893,502194.8428988012
20894,675498.0630792283
20895,489729.91353318666
20896,261577.57663398294
20897,326372.5352773482
20898,756444.3948706761
20899,297433.15631779714
20900,309387.4412010566
20901,1217769.0323247847
20902,563789.8388416276
20903,726114.1210853586
20904,478045.8114164435
20905,557585.2053521483
20906,462521.1347946481
20907,456244.948480989
20908,235495.84953757882
20909,577415.9856344918
20910,721887.5875909232
20911,794394.6282805577
20912,338274.9584716989
20913,495032.0959177251
20914,357827.09343275725
20915,491870.72623838304
20916,317850.83652588306
20917,291564.0176146656
20918,386216.2985869684
20919,406381.0504525608
20920,341688.70854318014
20921,776237.2115447753
20922,371211.4334013775
20923,528679.0490730053
20924,598732.516307759
20925,1014850.6854808477
20926,977644.4393841978
20927,324315.01657480653
20928,348701.42717974423
20929,324859.9658694529
20930,311063.6262873997
20931,631248.3609779852
20932,594412.5520004242
20933,850256.3531123658
20934,489831.4569739792
20935,486959.9604793853
20936,395707.29407414194
20937,1273089.5946180946
20938,806214.0564574404
20939,331606.2820334575
20940,308598.88679712045
20941,444628.7518248389
20942,449604.08229360124
20943,361487.9820770857
20944,571603.2804305316
20945,609324.1271871097
20946,297096.0881660321
20947,1033415.1242975375
20948,689159.7459436379
20949,294679.2932790988
20950,533320.2701634207
20951,496642.7567585155
20952,452717.40498740127
20953,1138453.5992711291
20954,364922.1238211421
20955,647528.1707183644
20956,571710.1806420013
20957,706890.5742972676
20958,599248.4985379947
20959,743230.35878345
20960,368465.3004818392
20961,503722.3328247519
20962,616869.129585403
20963,503708.22712496115
20964,1001947.7261017179
20965,264460.0775894214
20966,432153.9409788655
20967,396968.8981436709
20968,431935.1348924527
20969,389811.03901321965
20970,2406518.8781396355
20971,315003.2347207377
20972,520479.68105740845
20973,432026.69606177625
20974,925902.8396566454
20975,1083596.689950417
20976,388579.6066948576
20977,341613.28828694863
20978,1516558.8806184574
20979,570076.1572647953
20980,340457.6052209685
20981,390821.3373272883
20982,526167.4667799536
20983,640259.0239161378
20984,399088.5643819569
20985,1023660.3241312527
20986,432939.83140812005
20987,896489.0578914332
20988,639697.4435227582
20989,370712.76152371586
20990,426130.8964172911
20991,338782.36970658565
20992,499021.9717477878
20993,604768.336966292
20994,587561.8967645778
20995,1127485.0534014243
20996,822059.8646256297
20997,792622.2878901719
20998,413832.96228299284
20999,470430.9929299398
21000,277775.68415011227
21001,318448.47513713886
21002,327070.42596764903
21003,300111.84712328046
21004,418425.53067133616
21005,848165.1433957712
21006,763334.6081544769
21007,924569.8227112598
21008,735483.1301181662
21009,403473.69641012815
21010,1397596.2230777016
21011,346846.75155000604
21012,1094094.4895020514
21013,628501.5873097132
21014,312963.6141326045
21015,368007.48303326603
21016,269060.32104356034
21017,450275.8592151423
21018,570822.6524455717
21019,1914681.7500236735
21020,407461.36147242336
21021,784056.3542740836
21022,476740.1409336369
21023,846975.4758884108
21024,420944.19672487525
21025,244382.21845599194
21026,1248522.251639221
21027,346168.50921327097
21028,503273.01632936904
21029,402185.20642959967
21030,602816.7749292508
21031,442383.4101882056
21032,469681.3118476345
21033,802605.0946725935
21034,337279.01160850713
21035,511337.3059039115
21036,577061.0377124354
21037,701176.1574113991
21038,724594.6873694231
21039,510441.27402599854
21040,1926823.3989322886
21041,544306.4451915794
21042,460677.58426429244
21043,1119044.1764791843
21044,382847.98551911244
21045,394097.7089500295
21046,1890820.1726288244
21047,284216.6551395972
21048,530310.5368242225
21049,434902.8515074647
21050,767729.8819486166
21051,588742.363552053
21052,304712.58560779854
21053,956639.8492175216
21054,541201.3832018161
21055,424737.2577434038
21056,418039.92265399377
21057,406606.50639116886
21058,781985.4319145125
21059,855935.8899242012
21060,345026.5745064983
21061,476031.25888293836
21062,577279.0267655674
21063,522270.4395207779
21064,897707.557618855
21065,320216.50493951124
21066,713049.2282108166
21067,457176.6295418595
21068,1436654.1493416699
21069,575885.0656027634
21070,434925.5611833217
21071,900138.3686729104
21072,1771745.483657148
21073,280308.8576747798
21074,562052.3261092299
21075,474327.32184611843
21076,571827.8355216623
21077,952307.0673045198
21078,770235.3898405265
21079,707395.3700207499
21080,370647.40012382495
21081,336017.2169845119
21082,1011925.4239511987
21083,423358.4303846616
21084,509160.15844528854
21085,370672.31194195093
21086,882199.4161657152
21087,532609.5399206952
21088,524139.19082873216
21089,692665.7688076252
21090,382215.0640237743
21091,613122.8044459334
21092,1995433.2022918244
21093,811476.9818635539
21094,524983.4164281886
21095,301755.04384218965
21096,312805.03863756196
21097,500734.17817557097
21098,555408.009245924
21099,364590.4305529543
21100,1096235.0025232283
21101,290351.59756508574
21102,335240.22781709814
21103,802085.0393535307
21104,813152.5727599348
21105,404613.6831121241
21106,338639.58077758685
21107,330556.2791793712
21108,357642.63138133055
21109,458544.52994564216
21110,730028.0942958369
21111,495231.46297648916
21112,265240.64979490044
21113,1213221.3354494923
21114,630165.2525327224
21115,323420.8000452636
21116,414886.74034736096
21117,339410.6939983104
21118,394066.16880476085
21119,447206.06668702787
21120,514971.3245391015
21121,364214.1502785443
21122,810293.7077737226
21123,1067327.321712331
21124,1133180.4343984625
21125,413578.17551048583
21126,275268.83080549515
21127,631010.9894763076
21128,317543.9126372726
21129,714478.7077978597
21130,754283.7458777924
21131,998995.2838568985
21132,643463.4786047785
21133,502345.6864360067
21134,595726.2388922349
21135,925586.2460712395
21136,482827.48084745667
21137,330649.1203871683
21138,404310.0000936931
21139,317112.656404876
21140,603157.7574024966
21141,483870.2354300253
21142,509521.2154502301
21143,479490.6606758182
21144,446630.3054238306
21145,359432.35991611076
21146,617255.1614280972
21147,547317.3488847128
21148,564697.3611268456
21149,720436.3901367021
21150,1062509.6595725443
21151,982875.0620941113
21152,353420.22933880694
21153,568779.7586655244
21154,279334.73644341534
21155,368685.2162573652
21156,372242.366699491
21157,707848.5370578835
21158,363942.3282402256
21159,387205.12451665226
21160,391933.7686410313
21161,810306.871346447
21162,856649.141532319
21163,656094.9112936776
21164,482188.57557231083
21165,380497.94044572086
21166,454273.97301897645
21167,367536.3270639019
21168,366033.64967617
21169,445964.5122966067
21170,783333.3988212488
21171,860812.7007829774
21172,377536.3820075584
21173,592910.2530533016
21174,781495.4739987819
21175,536998.4848363573
21176,330858.22920483083
21177,418881.8896815391
21178,409908.42984145647
21179,650395.3855156295
21180,1366940.8145717962
21181,462827.43555210467
21182,525648.5960119771
21183,607556.9725097738
21184,418822.467425977
21185,565410.9356315684
21186,1723143.4881903182
21187,548603.5694352122
21188,843007.6569249212
21189,877865.6053575376
21190,1942206.8701550195
21191,412077.8928597364
21192,323346.7522655241
21193,381372.30788497964
21194,440106.45817889814
21195,537085.970577928
21196,489650.97139995
21197,349340.9795353269
21198,373291.5681497617
21199,486157.62784200505
21200,301242.09332007467
21201,492035.4392678103
21202,1379067.505211829
21203,270882.2390201103
21204,311292.69031340815
21205,773071.743665523
21206,265744.76422645035
21207,1005014.1040704023
21208,430928.8071249857
21209,836115.517376706
21210,384746.00132860057
21211,477481.55656598153
21212,548415.750881582
21213,689595.8440987538
21214,335866.9120742844
21215,317950.49439383385
21216,301148.2303225132
21217,294260.20897255605
21218,564545.4746422985
21219,985186.5542709321
21220,1561331.0337158602
21221,946297.5750138955
21222,357187.0141201029
21223,616492.184224917
21224,564571.9361757314
21225,348938.8572355443
21226,640157.6375756868
21227,737073.5984569225
21228,461959.7006673471
21229,506795.95377166785
21230,722344.7501789095
21231,342539.87615617056
21232,383029.6731585365
21233,386822.83779994276
21234,390432.65642248414
21235,297906.4009702745
21236,388045.3583908958
21237,988631.0836300853
21238,883001.9219182783
21239,310209.300386545
21240,976265.6349558939
21241,253699.06335125273
21242,529005.0715563999
21243,438563.8895649303
21244,1386489.9787603077
21245,559318.3061021722
21246,432739.217686812
21247,276600.59679807787
21248,557352.564176318
21249,450001.51731966605
21250,274859.6586410679
21251,563884.0587763098
21252,922450.1440912113
21253,371878.84521508706
21254,435991.5161503764
21255,1214857.2577400296
21256,672688.6416558316
21257,447941.3631299048
21258,542443.1030649013
21259,506615.2951296805
21260,421648.64090932254
21261,493534.7431348954
21262,1114567.9699290867
21263,293453.01325934345
21264,715162.1573170508
21265,375503.40787171316
21266,257332.377904736
21267,922116.5945567014
21268,312023.5021029512
21269,812594.179132457
21270,504065.21608829504
21271,337749.57373022125
21272,775420.5694412709
21273,449779.23683264584
21274,532435.6590875277
21275,788378.0108636719
21276,287007.1958307355
21277,418286.75131065666
21278,534444.8841850328
21279,1064603.54749404
21280,368124.49246445944
21281,884303.6144676037
21282,509389.63588366634
21283,1130811.662468017
21284,374693.79492387973
21285,486037.8147719256
21286,395330.92659539724
21287,535795.806236921
21288,396169.19572321716
21289,675413.7518897122
21290,915638.8982851565
21291,381740.9083059114
21292,501762.1461164179
21293,308370.8437583524
21294,313985.67783550656
21295,785294.3471418406
21296,386406.75675469445
21297,361460.00899910065
21298,707324.4919924623
21299,966846.4071715589
21300,486660.15305348363
21301,849446.5064435244
21302,850703.1960636135
21303,300422.3799672037
21304,538444.0056948166
21305,622281.7953995487
21306,401532.6014161407
21307,342146.63683050685
21308,350716.76645012584
21309,401557.44714853656
21310,868693.4261453992
21311,815785.7180111936
21312,283083.67857998423
21313,519830.40459267056
21314,541738.840352063
21315,334137.6015130169
21316,1572509.740803181
21317,454436.0339230276
21318,366198.9531471932
21319,281227.460297346
21320,1024607.7914530965
21321,745651.7406579492
21322,464280.0613252127
21323,843156.5470991974
21324,364856.56174086727
21325,156816.46093121832
21326,524545.2330746443
21327,310422.25913710485
21328,368308.8844479729
21329,1371030.6351711138
21330,628887.8435068583
21331,260424.34202788208
21332,310086.5945585672
21333,472984.84462863987
21334,716015.57292152
21335,468185.7187382151
21336,611372.5754697582
21337,1021338.8372474746
21338,884180.4078255792
21339,329504.75864105055
21340,471243.85813754005
21341,603038.6956165115
21342,287392.9929447456
21343,337378.9687427878
21344,452346.0812951848
21345,428585.568155058
21346,672624.1738328997
21347,705098.9053991353
21348,445247.02027724887
21349,936730.5957872483
21350,501884.8915845094
21351,967110.8733762284
21352,741408.1825738882
21353,272418.1400482048
21354,356791.2052822518
21355,525785.3641607478
21356,2753964.597660634
21357,469961.4514941638
21358,280208.4260760184
21359,292510.87392938184
21360,586947.9165763563
21361,641339.2082998472
21362,639603.8157099521
21363,234152.4091112996
21364,412539.39358701796
21365,525605.6140467053
21366,836540.9098588319
21367,709783.1211539472
21368,441705.05546063
21369,218412.91111947014
21370,367827.619884988
21371,551577.7499264496
21372,420445.42438592773
21373,1466555.501299864
21374,326343.83493926306
21375,447754.25636395597
21376,475093.6719247405
21377,517690.0035973854
21378,346737.2129915536
21379,295888.18707069254
21380,595896.3854625659
21381,333934.5085088287
21382,274716.99434983806
21383,249160.06204528667
21384,1306641.2494265686
21385,851997.2851906507
21386,551221.4577019316
21387,1860876.066064489
21388,808428.2317408554
21389,1102969.4638424765
21390,338273.9010166938
21391,700775.381600532
21392,962057.6303569818
21393,696433.5737270165
21394,1538191.340861599
21395,600523.4412895021
21396,273310.77140093787
21397,742924.0001132076
21398,863917.302586252
21399,870288.5856863948
21400,385785.0800564418
21401,401502.77625139756
21402,467107.1381099446
21403,850808.0730103543
21404,359292.89300185017
21405,427301.4839030965
21406,396970.60659687157
21407,293741.5824642365
21408,887419.416671993
21409,503384.396697599
21410,678765.5241760233
21411,333594.688306002
21412,395111.75618568837
21413,691280.8441747327
21414,328792.39180599095
21415,653955.7758134782
21416,419817.1856129198
21417,493323.3372925939
21418,420684.5199327912
21419,479805.4577234084
21420,850274.5815928108
21421,495539.9242387831
21422,469924.6190923582
21423,444981.67765847367
21424,373630.99284494563
21425,2003482.0896431205
21426,793350.3085023605
21427,1372073.9331241574
21428,1219623.3667021573
21429,334554.1637799022
21430,324621.402429465
21431,317286.20024654473
21432,511748.67706286313
21433,448218.91550442204
21434,369789.0174892399
21435,427583.64079783554
21436,1583753.0696220822
21437,688060.3393140857
21438,463156.5942858112
21439,656621.1855952485
21440,859711.6426987231
21441,266289.70643403154
21442,1599330.153531749
21443,410838.4900604775
21444,430308.7404940808
21445,353895.42386774713
21446,352776.21648859547
21447,818250.0908546768
21448,307728.08665031614
21449,340766.8769814797
21450,445215.63693602185
21451,341156.79804487806
21452,869953.982194374
21453,714297.2165886147
21454,287549.23717759695
21455,414194.8229662526
21456,674621.9537572074
21457,507310.362554013
21458,501828.04086837964
21459,402464.5092609858
21460,335895.90602044883
21461,721204.0506114436
21462,371839.05500646145
21463,404315.637556631
21464,869398.0707832865
21465,251044.56722580353
21466,328579.58044958336
21467,409390.47931954585
21468,475187.9992803035
21469,1260504.054213264
21470,479418.78341477574
21471,577326.5107358646
21472,375612.40964394924
21473,476839.7519470995
21474,1550348.4674590323
21475,2241850.598997713
21476,369038.9333283005
21477,1883833.954244713
21478,490239.4373406098
21479,1262753.3806464768
21480,1356757.121066246
21481,556030.1220736535
21482,604260.2898605223
21483,298763.65151176415
21484,535661.0708943527
21485,240952.39348074398
21486,566782.280933074
21487,601063.311046021
21488,672279.424226177
21489,353981.1891352552
21490,271096.82446288166
21491,2073816.184941402
21492,638720.0442595811
21493,357936.06256596034
21494,450352.1020483659
21495,510016.99030559877
21496,542297.1707197424
21497,460437.9259930065
21498,243581.42881473852
21499,398501.64335342037
21500,460199.3556573535
21501,329637.18700288684
21502,426654.3004089342
