id,price
15035,498280.8039304749
15036,487876.12493625906
15037,1300835.7075023935
15038,309357.2676785863
15039,329189.7288539522
15040,301250.625603949
15041,419314.6299099115
15042,705392.0235044232
15043,281583.9899615006
15044,340829.38285355666
15045,677746.4370305287
15046,222058.90065025643
15047,530554.707795491
15048,524636.3055477589
15049,749365.3349926929
15050,203443.4379742408
15051,417894.7193553068
15052,495921.69683872745
15053,1018881.6845136001
15054,399333.8961342771
15055,476076.63775995333
15056,578194.7622227565
15057,980897.0648517632
15058,345911.5220448929
15059,427715.2255447503
15060,470026.6222462143
15061,320945.50231409766
15062,573169.7145772068
15063,289722.8253458641
15064,584097.685263322
15065,782687.6471551877
15066,355472.3578515326
15067,619575.887016014
15068,1092214.2266374414
15069,381750.4197951232
15070,541102.1777611105
15071,514806.5470109661
15072,558567.9372340171
15073,389294.5703806403
15074,352106.3406909451
15075,737715.2246316824
15076,1156429.416099047
15077,427164.0735692225
15078,215229.82991267688
15079,860292.3597427686
15080,486284.17141427775
15081,517498.8058327203
15082,648232.6410256205
15083,291520.62329675106
15084,557113.4185130871
15085,863149.0926932669
15086,527005.7164794167
15087,315317.66730145365
15088,486309.2860813863
15089,208464.47446765247
15090,359836.7651292005
15091,279998.7908376091
15092,251673.27887343668
15093,475639.439610658
15094,295443.64225595986
15095,246446.64064716507
15096,543959.6428006684
15097,772299.238744137
15098,473248.18971612974
15099,213898.87498872337
15100,497136.41613364406
15101,179367.15988648147
15102,473728.84264689946
15103,727333.6825919801
15104,475040.49196476635
15105,301802.3595832473
15106,480596.7175592767
15107,503626.0109701772
15108,390165.25988436857
15109,312172.3567807397
15110,255352.65624923713
15111,479127.0093928966
15112,446501.0996375472
15113,404903.22901923355
15114,214466.97320956996
15115,411840.5173622753
15116,436545.5643201003
15117,315611.5711804755
15118,436458.862737821
15119,640851.2626175475
15120,448695.342274917
15121,240833.8450452274
15122,295841.261471166
15123,705129.419018201
15124,461780.511167056
15125,581667.4420734093
15126,430428.82194309955
15127,928866.570552515
15128,471979.623209579
15129,240002.70990777918
15130,217364.70732508734
15131,221194.46951362368
15132,671540.5174375946
15133,1083550.3747414788
15134,585356.7352382296
15135,619250.0134397598
15136,244331.09445483686
15137,702926.7561056496
15138,304319.7485641272
15139,424835.33983488084
15140,643006.7698392418
15141,373826.23304138833
15142,455375.2273167875
15143,508494.494245665
15144,604181.9240821636
15145,437892.6990538709
15146,515615.8150680207
15147,306967.56853243324
15148,252878.7577539733
15149,472883.3874024241
15150,423761.3886279369
15151,491307.5767337847
15152,296226.707015066
15153,372242.8805363694
15154,869187.3092583475
15155,190667.95087549463
15156,392833.91681953095
15157,341979.9715912223
15158,354430.3692867064
15159,311831.3376482802
15160,497754.3134071479
15161,995275.2252369843
15162,460738.3987375008
15163,395723.5590927561
15164,489010.84374452074
15165,668716.3714027383
15166,1085722.6599453061
15167,570603.491413611
15168,758067.6267247457
15169,771354.8331234725
15170,183828.94785913074
15171,497357.9536977179
15172,245675.7419367827
15173,628735.9898125336
15174,184982.52479098938
15175,217454.28948900962
15176,559880.5958762359
15177,316371.79523223033
15178,416929.5985955419
15179,886278.0324311961
15180,709006.0455035483
15181,279425.21140496526
15182,772973.6806843136
15183,278751.2635260187
15184,424386.62451825733
15185,372035.33440910565
15186,1077679.5972200923
15187,405509.81927956553
15188,476576.19085407205
15189,367003.7073529213
15190,661072.5485179304
15191,249682.31065154437
15192,488971.39356055233
15193,515170.07794542616
15194,248569.8070409505
15195,296170.18974477577
15196,566805.0407191493
15197,547424.9643835771
15198,447969.48978286504
15199,377227.053467348
15200,266221.00842194154
15201,648486.9762948034
15202,422633.05375272676
15203,196059.85511841005
15204,189409.1079770505
15205,357961.81697587314
15206,1428087.3275457062
15207,442549.4578244823
15208,334773.7063295114
15209,305624.086222394
15210,331934.8202503205
15211,309066.09688796103
15212,712928.087093967
15213,467802.3285648303
15214,341592.00125378516
15215,495611.672192243
15216,252223.55883783268
15217,203106.06838889298
15218,438910.78709383006
15219,361531.2396418002
15220,332794.57804848737
15221,718238.9671668949
15222,256602.8967307448
15223,462831.1196291097
15224,595531.6048455271
15225,438459.98656429426
15226,205666.56449112398
15227,527764.4031913728
15228,477184.57935486734
15229,611907.9856660811
15230,373269.1838295207
15231,243613.13582875326
15232,514844.39932471584
15233,506699.64590784576
15234,1406184.6221025991
15235,417613.50795055146
15236,384874.6956128042
15237,307390.68567768944
15238,555047.6893071911
15239,591897.3137716115
15240,427565.42051563715
15241,356392.0796795719
15242,496160.6416187897
15243,294958.7167482181
15244,663868.3308064329
15245,468531.39445442223
15246,562421.7394671637
15247,334622.16341111786
15248,608031.6417256626
15249,330433.80444881966
15250,1825010.799610006
15251,374630.8253705812
15252,689996.5777625164
15253,424866.722223904
15254,425985.6171105857
15255,320210.75733489334
15256,309597.79572586867
15257,343494.73670485534
15258,546124.8019420456
15259,217704.62963893442
15260,474629.5323660034
15261,263689.2879037531
15262,444732.4466926306
15263,344690.49861773476
15264,477971.3597280272
15265,753367.1962900492
15266,400308.2961981257
15267,434226.94325601176
15268,438335.8028702794
15269,504039.99672829366
15270,830976.0332462639
15271,935254.3220032899
15272,292288.3540900799
15273,266761.83859071886
15274,596466.8288538076
15275,369960.1035291625
15276,552608.4239114537
15277,283899.32102629315
15278,1199841.0251344296
15279,277307.01463275985
15280,617339.7056285167
15281,1091765.5098849193
15282,400397.19156760344
15283,248749.11211489016
15284,1015230.2930686333
15285,908774.656796049
15286,494812.2078238142
15287,671821.9973400444
15288,762435.5384788727
15289,708707.2095823786
15290,439155.3316095906
15291,453705.8056234328
15292,447161.26058162155
15293,502762.8070932544
15294,752062.6614081981
15295,408129.9606882629
15296,212706.8211002392
15297,203114.63383601006
15298,890441.903836795
15299,405691.1313780194
15300,287043.6991015477
15301,461904.77370529587
15302,187330.51957590337
15303,405034.33722530125
15304,797783.3572026406
15305,238694.59786536664
15306,537746.9182684369
15307,611355.5898518263
15308,510495.5483561546
15309,309317.54134585423
15310,415039.32989657426
15311,591249.3174852999
15312,487188.62573379115
15313,1752768.144499731
15314,248953.2778126937
15315,1423669.6454615297
15316,362601.14976298943
15317,504342.4818867377
15318,511752.7672253159
15319,1475224.0145806724
15320,570528.6770368981
15321,232361.8091435101
15322,694357.0296596455
15323,303469.39766076976
15324,427101.7599728808
15325,372891.2681863157
15326,678583.6790231986
15327,291120.8487938642
15328,717435.5001201732
15329,475861.3153606735
15330,800247.2124787716
15331,429782.7521419504
15332,464753.52042842616
15333,448412.32329492806
15334,287891.6201008884
15335,539700.8859014801
15336,367058.245294124
15337,205939.21379414617
15338,582061.954068549
15339,322384.6395005195
15340,323527.62321988435
15341,335932.20628207625
15342,219541.3947703513
15343,263694.93650140555
15344,727854.2097228951
15345,217600.17674275552
15346,448076.3427521257
15347,429422.06368394475
15348,1164933.7121304052
15349,278390.6060578051
15350,367091.74068423966
15351,415531.4735904676
15352,1499313.8842159929
15353,313879.80052216083
15354,293243.63376650657
15355,610458.6081725461
15356,745913.6148855925
15357,784436.3014512684
15358,1030771.5182350613
15359,355466.1168062639
15360,548874.4545006669
15361,257999.15091248602
15362,494983.91504429525
15363,493983.9603782392
15364,502315.2594645041
15365,436427.1444094833
15366,574300.8502910847
15367,444087.6589367343
15368,452034.07652848033
15369,445970.53463864204
15370,435113.1258405895
15371,329427.76400513964
15372,226109.5119196546
15373,334685.7828349501
15374,378413.90221743996
15375,926382.0779708087
15376,484297.3320260431
15377,450184.80938264274
15378,584349.7765188238
15379,309878.77638480626
15380,472184.0184374187
15381,737490.8107971417
15382,614777.4987662472
15383,754626.1608298353
15384,315397.5007355184
15385,1485529.0366171717
15386,443490.92502355576
15387,570503.0223666708
15388,425534.02635368955
15389,367363.4727152947
15390,406797.8363039795
15391,303464.61307450704
15392,280528.2048457791
15393,352472.6341660468
15394,425698.10625925584
15395,247595.85600931803
15396,274937.18779681897
15397,553715.8943680238
15398,227283.47266899154
15399,526181.515331863
15400,792296.7732165612
15401,435129.03532565926
15402,821948.7123946239
15403,259972.66017472933
15404,711259.9430190193
15405,389744.45766328106
15406,951430.507370083
15407,357729.5707676458
15408,487518.39645589865
15409,634284.9820753805
15410,300553.12459112826
15411,486401.5824784916
15412,298051.52509574726
15413,267081.92079933995
15414,298757.085073079
15415,532475.0132097409
15416,1256236.5950874407
15417,441631.17818153807
15418,411266.5180624184
15419,475268.29120658466
15420,553685.5256011308
15421,654395.1642860215
15422,797533.7974380114
15423,431836.29969256493
15424,483356.6278219943
15425,1605740.7763821685
15426,340081.9215471078
15427,685946.0072756301
15428,631235.8121139754
15429,781474.2824219551
15430,428984.27977063856
15431,346244.3332111576
15432,214154.10860716875
15433,485427.4082460718
15434,354523.0052201087
15435,778778.612133996
15436,455665.5073358423
15437,1080384.9214505053
15438,561093.0970308337
15439,534925.388903841
15440,692784.4131556068
15441,656310.4035761914
15442,525376.937108422
15443,375099.90182287863
15444,445493.22756624623
15445,474813.09809804166
15446,460322.18999692425
15447,380518.3653782902
15448,254605.34226195287
15449,217007.3796591046
15450,308372.11491941445
15451,579151.8429234202
15452,284678.3612005653
15453,542003.5216606039
15454,864795.6482410859
15455,1317143.7295527079
15456,454383.4364409939
15457,496597.7493715375
15458,338600.5460379684
15459,961488.1910940942
15460,536678.0926187987
15461,412098.81992094405
15462,541595.5559502778
15463,186797.17367107386
15464,259306.8161236737
15465,743675.9840108483
15466,190748.48271386226
15467,463921.38397318206
15468,347953.93346320203
15469,235494.54474502095
15470,490208.16444304516
15471,628539.0083519494
15472,331153.3338394371
15473,576668.129434048
15474,702053.8930793374
15475,684427.904330801
15476,569145.6921350986
15477,580197.3269212139
15478,349033.15055125987
15479,283312.8351907279
15480,346677.174189753
15481,224535.69859983443
15482,1331114.2439586495
15483,299798.29484979686
15484,600201.2131212843
15485,227121.31716604254
15486,504125.5038093793
15487,474227.05336518935
15488,248035.7386382373
15489,309676.8780165297
15490,358087.27000297484
15491,263515.4151235495
15492,259859.1847294064
15493,337484.14137926244
15494,243312.23012970857
15495,334237.91867116856
15496,625864.3737101669
15497,916464.7710770257
15498,522606.15845649946
15499,667179.9112367623
15500,222186.52280714168
15501,554024.1186596581
15502,350574.4677611286
15503,892741.5977561297
15504,559415.4240156163
15505,221469.7424994029
15506,470898.6932792322
15507,522359.05755627406
15508,536269.299690198
15509,203512.48375031323
15510,463253.5283705586
15511,1358352.6647446172
15512,202625.10382618522
15513,260750.08336722179
15514,453617.91719683586
15515,1115947.7537200546
15516,373606.0583765397
15517,384251.452124931
15518,407217.9390069301
15519,340124.42746317707
15520,457000.1883300142
15521,436736.5794910545
15522,559682.3719537823
15523,704680.8982002464
15524,405183.51836643467
15525,629519.0417362859
15526,289094.9368440235
15527,2075316.163269236
15528,302888.97986083035
15529,304484.8448796289
15530,280841.03012596566
15531,758719.6893905287
15532,355870.67010794155
15533,685826.7633577042
15534,720448.2104831223
15535,561908.8960791891
15536,447111.38366533857
15537,1068492.0245653747
15538,392303.8503294904
15539,683040.2947807293
15540,567180.4926266231
15541,499298.631816897
15542,243449.34002858956
15543,247257.50992978344
15544,1183976.1438243128
15545,1934303.0045131117
15546,289119.78199881455
15547,364717.34450775443
15548,376120.23349697824
15549,683223.5349662264
15550,591820.1229381539
15551,734619.267925884
15552,456388.6521511592
15553,306505.7026328598
15554,711708.6491769246
15555,332685.43871994043
15556,395787.5066656502
15557,664522.6181428425
15558,825025.8891752306
15559,370518.76311067
15560,487826.9977770123
15561,1279316.4647948295
15562,276425.9688875008
15563,360067.04999945295
15564,293019.87325301627
15565,223511.01480194266
15566,951668.9462584372
15567,251151.7556216937
15568,231643.5250705725
15569,407964.1226419934
15570,607100.932434445
15571,284004.16791851935
15572,630694.3938890178
15573,259327.50116891807
15574,378083.34474852565
15575,228325.2995656129
15576,469798.28980592964
15577,415618.73634619045
15578,774257.400069723
15579,289658.07578444906
15580,666298.4304684235
15581,383478.4029543067
15582,1519246.0506621143
15583,407627.60525555233
15584,740849.4734543526
15585,225853.92484017272
15586,869844.1455844914
15587,339755.5499985575
15588,229014.66312374503
15589,420498.524839024
15590,997418.5323505104
15591,314089.30496226496
15592,1188839.3945235142
15593,239462.27429410737
15594,284112.25740028097
15595,318759.1823826813
15596,184812.38051212425
15597,358735.0157105154
15598,288259.810522649
15599,492734.6529533527
15600,254212.20420606274
15601,273919.71983135096
15602,406732.0504443514
15603,375105.19388885406
15604,569790.4550323251
15605,616652.5263684958
15606,891900.6501710622
15607,942103.6195370728
15608,229031.91200195596
15609,1002648.2758111594
15610,531840.4225950923
15611,712796.3875702549
15612,412985.054591856
15613,314705.53023749375
15614,600564.3922041458
15615,421434.4990440567
15616,277825.4824347413
15617,697109.0443519707
15618,629505.3719836341
15619,400374.46544452984
15620,303135.84715592687
15621,684648.4323942474
15622,180771.13847390978
15623,152813.13364188655
15624,375276.6626059946
15625,516199.4213093624
15626,1043001.6520758816
15627,547719.350538652
15628,615097.2977781438
15629,253308.0807660191
15630,232974.4174354818
15631,340706.71800055425
15632,263558.3907308662
15633,551949.9621550847
15634,1434142.3280043406
15635,478509.5442329483
15636,322782.33767035225
15637,272141.8102202677
15638,665820.5015066514
15639,752231.3220822606
15640,454131.0897391877
15641,359673.0771652338
15642,1439686.614002518
15643,617775.781270171
15644,228607.8531049163
15645,626544.4051856126
15646,239817.81677214435
15647,812343.0054753838
15648,280401.14370809606
15649,377314.3524747602
15650,235216.07356188828
15651,500037.44258769084
15652,697911.6611303631
15653,212229.36456258033
15654,285250.5246428087
15655,543816.660677716
15656,243347.2893002095
15657,333552.6839830285
15658,250619.60476852363
15659,242958.36982867747
15660,950508.8527664033
15661,280753.5941166988
15662,548432.9604679925
15663,1155894.0874148016
15664,337581.56197013985
15665,523021.6638905759
15666,276260.29813646036
15667,360689.59904636507
15668,196490.58697340311
15669,501087.2627514591
15670,249708.48824229662
15671,2514434.8325372455
15672,544688.418695532
15673,266755.21093212924
15674,193879.74149356902
15675,675875.2192349477
15676,438198.8843452618
15677,594926.443743035
15678,458378.21031779674
15679,424804.43712562515
15680,310471.31701801665
15681,1024046.5550352992
15682,609114.6506895651
15683,1591507.6751852403
15684,554199.3364153603
15685,321441.6094846448
15686,302619.04690462194
15687,274571.34067643416
15688,441352.3841837742
15689,357554.4239326501
15690,257535.05530238716
15691,261124.50662739945
15692,222040.5547644527
15693,969265.9801293818
15694,593483.2186788757
15695,421492.360311953
15696,971611.3268344677
15697,331231.77555388387
15698,1022339.4799599807
15699,555897.403105271
15700,392693.779651297
15701,267620.95347064704
15702,500927.9965479823
15703,422036.39685209683
15704,566306.7847541556
15705,475793.39383223193
15706,499735.4542086669
15707,306288.2270845155
15708,413861.7130891289
15709,352529.28934021475
15710,161787.5779664551
15711,2624824.1293786177
15712,1075347.6682994643
15713,227924.36703747
15714,1127472.5276440636
15715,694792.1744987138
15716,452798.9683535676
15717,434831.397860722
15718,895137.2120487946
15719,1016370.3491347559
15720,310390.56903600437
15721,401412.03506587417
15722,539385.151735739
15723,327424.0510934688
15724,396898.1233407169
15725,338721.26550925866
15726,540245.4845935167
15727,790954.9537002182
15728,245863.36326775842
15729,304867.9048187017
15730,580982.3847194104
15731,749655.9528192619
15732,589926.6637096807
15733,522296.4227264532
15734,378574.8248062594
15735,601842.1915240098
15736,565577.9836278397
15737,533444.0927492685
15738,409592.9681629323
15739,477574.561415724
15740,791279.3465347479
15741,658663.6079570014
15742,429380.3660117596
15743,568988.530826053
15744,486009.1865173887
15745,297763.73094646196
15746,721123.935460753
15747,548603.4617521425
15748,803885.6689770417
15749,791191.7788326404
15750,454185.18597317365
15751,634089.7588499875
15752,595533.8757150483
15753,353936.2479747847
15754,255887.99663702704
15755,610603.9822288
15756,364724.1399340342
15757,350082.89084848337
15758,565325.360666206
15759,390109.7780039295
15760,435030.5196795768
15761,574955.1816869901
15762,295303.25904519885
15763,1468158.9309804712
15764,334921.4173784938
15765,451942.968973107
15766,324723.1188442954
15767,480241.7721840841
15768,517889.36286479334
15769,615710.8989880871
15770,423517.3912708314
15771,543127.2383139443
15772,415582.77184041234
15773,1014295.4412228767
15774,293509.63144712575
15775,863255.4693480826
15776,639249.0927003107
15777,1011760.7896811682
15778,266643.73414893745
15779,236067.4540046463
15780,689380.6219571558
15781,467829.1064413706
15782,1370935.1560753286
15783,204829.170727967
15784,753149.1472707321
15785,265370.51192056225
15786,729977.9783041015
15787,351774.6317425029
15788,318800.65623693645
15789,340276.9573120388
15790,621016.5241479427
15791,418389.8146813033
15792,390085.8312242696
15793,437882.06239955063
15794,338380.6146331023
15795,195710.8684590508
15796,363192.77895074576
15797,861070.4713428755
15798,865166.9275655524
15799,750039.9973711368
15800,347823.7973407789
15801,542839.0154469794
15802,572636.0461055539
15803,344251.9229799867
15804,313716.5370607889
15805,429667.2468786465
15806,264293.2789125715
15807,733435.5994661938
15808,335044.8004924844
15809,900255.0052034961
15810,493857.9887145682
15811,191561.73204806272
15812,546131.5035958405
15813,254065.38814981031
15814,321871.107685378
15815,591491.5335081147
15816,443571.0929083599
15817,404846.27819850144
15818,501332.02370053413
15819,239558.99106286594
15820,389176.73872220493
15821,518864.6209086154
15822,230479.4021951411
15823,953227.1485348789
15824,630009.723258351
15825,507072.7366493379
15826,218727.20388341826
15827,870071.2993352374
15828,1212931.8070547816
15829,583035.3376178126
15830,426110.5082915951
15831,534121.5216984848
15832,477637.04487950297
15833,563593.8794676628
15834,785150.2894813456
15835,487986.9195647989
15836,615520.4942837277
15837,569907.1575037761
15838,509311.71397983964
15839,212768.87273288515
15840,693637.2617135665
15841,500448.55800505844
15842,505388.8300308318
15843,715785.7879821158
15844,307724.1150261654
15845,838613.181429737
15846,195483.4430767421
15847,881757.6362746445
15848,371367.8991310892
15849,292472.0296988376
15850,564247.4455783115
15851,424670.0667316947
15852,770846.9648294995
15853,340096.8930404507
15854,998751.0753981561
15855,516537.96050093864
15856,315465.1436920522
15857,681787.9351461778
15858,520210.7793483741
15859,297611.44970424846
15860,409513.2635195365
15861,698217.7956244225
15862,363836.4973108647
15863,204104.2590075161
15864,656619.6437115583
15865,249601.0940328721
15866,368191.02697126905
15867,265191.4386125615
15868,574224.7088334226
15869,864143.0619789616
15870,467531.93864073895
15871,238228.76608996358
15872,381764.09658530966
15873,579703.416187116
15874,268161.63841154444
15875,777824.794868082
15876,938246.8272474487
15877,368793.6976428496
15878,250922.53636779124
15879,448772.92004630243
15880,459823.58020850725
15881,689103.055009035
15882,354823.4961157738
15883,207906.1440839051
15884,1403553.9775784938
15885,328401.2285441115
15886,288714.7033350572
15887,322244.67433968995
15888,423353.34756597434
15889,535527.8719164632
15890,572662.9226833185
15891,341724.67491191905
15892,258350.16969054483
15893,544842.6763300569
15894,459683.05698150414
15895,534911.050850295
15896,369232.8358166831
15897,547494.5750273803
15898,270407.6387155558
15899,523224.24215730245
15900,279775.918891222
15901,597603.9018862634
15902,333250.3569474134
15903,438943.2157345918
15904,201254.26335219585
15905,1449946.950123669
15906,1235945.06481704
15907,617069.2539230875
15908,375329.44299421686
15909,846101.5205114632
15910,928107.984246633
15911,371917.88572609687
15912,459508.6168780009
15913,141685.10954757367
15914,1046788.508967876
15915,452267.4971186066
15916,284633.518004118
15917,220828.10939516374
15918,260713.66452783524
15919,471739.0043846017
15920,567197.9766364947
15921,514516.83421094564
15922,420111.13162539346
15923,502848.63665395783
15924,414541.7693390081
15925,622711.0772456126
15926,520598.3555524009
15927,595359.6414257913
15928,297920.5870204504
15929,500925.26235914126
15930,224059.88018423168
15931,358755.7736105378
15932,332293.52658010885
15933,675686.5908652972
15934,280839.56348203175
15935,915169.7043696201
15936,644233.6042840537
15937,492282.26748203876
15938,456072.95148601313
15939,659328.5962358319
15940,433195.70462793246
15941,453343.6243798141
15942,271993.3434393996
15943,193349.9352859413
15944,487493.5691209165
15945,255170.13198987104
15946,609713.9630127547
15947,333729.9509697217
15948,1066570.6322266185
15949,1544874.0681886468
15950,434285.2705494457
15951,256317.0713837791
15952,747658.8144424642
15953,785935.8292316586
15954,991600.9739245926
15955,656922.8115872506
15956,586878.6749301312
15957,546861.8054500929
15958,1003282.8523453972
15959,274948.1653220564
15960,376203.0839241862
15961,637551.5103038893
15962,243006.7360979125
15963,194205.07860631085
15964,511734.22844052716
15965,369016.7679892425
15966,286864.3863509252
15967,493796.4455080719
15968,1045044.1464511872
15969,550697.2230770137
15970,540223.3742626101
15971,305478.2877234501
15972,354889.9160002651
15973,241476.6138684473
15974,610269.7188425031
15975,678023.5610102568
15976,788542.0998525429
15977,378435.14111149876
15978,830126.7330561138
15979,179227.63712405518
15980,247790.6899813153
15981,671486.3784791519
15982,525532.4526531578
15983,544091.4706237921
15984,144219.87087396623
15985,1168890.9964309272
15986,398618.65270421177
15987,2533891.524927619
15988,316329.2723965471
15989,163581.24954769676
15990,436330.7447634793
15991,272806.4056438447
15992,442573.7692114518
15993,532723.4598014386
15994,148568.98232189738
15995,505268.215432396
15996,484711.5660606719
15997,361305.8959639669
15998,167815.5931623539
15999,211402.945078734
16000,380112.428234067
16001,270804.82406958315
16002,418901.0905736739
16003,630242.2591035564
16004,716675.7525868409
16005,665300.8567327345
16006,312650.9630151959
16007,730808.43871442
16008,578195.1719113472
16009,395469.7257872085
16010,446890.119606619
16011,1100757.4419241734
16012,306969.6680046367
16013,517732.6813993698
16014,278262.77906459273
16015,1052387.1312508415
16016,592062.3230802818
16017,968863.8388264893
16018,492076.3447343472
16019,198979.505301289
16020,704082.7483294358
16021,445383.09226428054
16022,418687.1869046177
16023,643014.9656972426
16024,572704.2891638207
16025,321532.1796111526
16026,394473.63518868975
16027,1541935.7425103756
16028,269231.46448908397
16029,1905811.9864048269
16030,701698.648928366
16031,297482.71121304703
16032,197761.3012319848
16033,496482.4913027626
16034,569019.972731756
16035,413477.01158049365
16036,322943.219486226
16037,577998.0189717922
16038,263149.2860204568
16039,310902.3894580729
16040,814860.9784280173
16041,936208.6161270436
16042,369765.03824357607
16043,531370.7238528722
16044,248878.81676318197
16045,482788.1985215412
16046,294699.75615551457
16047,651469.9449889567
16048,418862.62877107464
16049,380083.6228146653
16050,242709.18275748653
16051,797686.6262904871
16052,475471.5772538914
16053,208041.22942616488
16054,555815.2642224989
16055,444857.32622460497
16056,372388.15551607363
16057,277270.2078774528
16058,1354057.5935073695
16059,190541.5742329869
16060,295481.76857855363
16061,402730.102835944
16062,418054.6356041231
16063,798188.6157215103
16064,823823.6426448505
16065,615556.4468221903
16066,256762.38757350598
16067,392668.68850061577
16068,821741.0151461413
16069,320750.6774758857
16070,655376.45710501
16071,206018.94725005393
16072,597376.8092888744
16073,501579.643407559
16074,250755.35464644976
16075,540127.3409910157
16076,215196.5945515873
16077,544534.7875437639
16078,703490.5545200423
16079,839656.2342150921
16080,195346.6755123092
16081,722512.7961892571
16082,369224.29705026734
16083,658078.5769829224
16084,465046.08781424176
16085,574941.1640643628
16086,324539.8593517965
16087,564542.6497207583
16088,503517.273671809
16089,415359.6983190418
16090,367229.2893549323
16091,586047.7799274564
16092,361844.5125318346
16093,281294.6211105441
16094,659400.1515567601
16095,425305.20016620413
16096,681867.1820104149
16097,537661.821575044
16098,325733.7256549175
16099,224850.28821591477
16100,523616.45002670557
16101,832883.6940524701
16102,319369.900005667
16103,706271.238180313
16104,399366.0948008648
16105,1903063.4201288547
16106,428158.2052181755
16107,2487876.672393023
16108,343792.0201901716
16109,718420.1079461804
16110,572022.2226896718
16111,1566219.3097486102
16112,391593.5335968083
16113,1396748.223255592
16114,788038.4264096203
16115,243243.94715420462
16116,675425.4598713389
16117,199984.17532617023
16118,590589.3073090585
16119,491971.6327462605
16120,693272.1477348969
16121,205964.1801339559
16122,266277.68798355653
16123,145771.4796857455
16124,734913.9654434797
16125,261067.69520198967
16126,2444852.2729540374
16127,520338.69764303486
16128,397412.3886750517
16129,376165.9270696701
16130,319071.4343150186
16131,715526.3223571869
16132,833232.2625094327
16133,813207.9508255561
16134,405854.3526267585
16135,575578.1451278573
16136,300286.67863584607
16137,700401.6532433991
16138,366909.9770258046
16139,262640.0165558428
16140,237442.1723460878
16141,1061319.5243570784
16142,929998.3464397452
16143,208345.01702909643
16144,205613.55121423877
16145,464555.7514910308
16146,202374.1608371488
16147,206457.32465957638
16148,605977.1563004666
16149,633008.6845452352
16150,387073.13844690664
16151,877627.335707421
16152,478910.16072998644
16153,463749.77744420274
16154,380129.1848952947
16155,592520.6559360015
16156,308141.9016770262
16157,698160.7680545691
16158,392070.35356454534
16159,468467.7372670899
16160,343876.99325155816
16161,461559.46177715465
16162,616682.2622027411
16163,217559.69535325663
16164,754388.2828642977
16165,646046.641315451
16166,358148.48260162177
16167,273837.8050478168
16168,347689.7785960255
16169,320574.41575154266
16170,767007.0787161737
16171,246913.34881525557
16172,928135.2361600373
16173,285525.5812425319
16174,217598.19273625492
16175,296233.45099794224
16176,257546.88004331707
16177,609060.8848142156
16178,375505.78269697016
16179,488109.415083712
16180,362881.64073565364
16181,897871.1769435154
16182,1042292.8591015706
16183,351769.0402470924
16184,280069.9688520556
16185,256571.71237378605
16186,340596.99105330015
16187,232650.31151384232
16188,718341.6179954257
16189,352375.10680139967
16190,332592.22131989413
16191,688436.6769357055
16192,651075.2740936036
16193,626412.5220009105
16194,353916.3447651059
16195,461477.47708529816
16196,186247.54671958534
16197,640454.0312164826
16198,248673.0130746161
16199,258010.8486636725
16200,206681.159930619
16201,1146727.0717937143
16202,637905.0001729998
16203,615344.4006236248
16204,350205.8867087355
16205,253356.0598081964
16206,424292.56911179016
16207,376604.11895701167
16208,649320.5435637814
16209,434823.0681262979
16210,351107.17079272284
16211,274843.606073437
16212,4312628.104250532
16213,305324.8557396822
16214,439407.07808663184
16215,383237.56306527834
16216,232094.12926050395
16217,502892.3808328259
16218,439200.15163395926
16219,613188.4509147261
16220,768291.7418983768
16221,269597.7456985647
16222,954880.7195538838
16223,335318.50974517455
16224,462937.80229001044
16225,567674.7443055095
16226,587083.0947211063
16227,493781.5279827398
16228,726836.413459778
16229,553519.064224008
16230,392776.07661413157
16231,299272.522107899
16232,560665.6929539834
16233,263273.6049532943
16234,1537081.9462865647
16235,374399.86048976396
16236,578089.0032192917
16237,602546.3802386154
16238,710971.8200674875
16239,749342.2164977547
16240,408007.6801902288
16241,721435.8855478556
16242,718289.0754258912
16243,280272.7951411446
16244,274805.7448284198
16245,585771.4598201575
16246,250383.38755619203
16247,215999.9019734633
16248,712798.5899633499
16249,275557.1806580238
16250,464356.9513842572
16251,366662.9343630163
16252,1163212.989832324
16253,166980.97775108274
16254,311819.4694272644
16255,515122.1803352672
16256,1070581.6370824666
16257,475468.19754499773
16258,385994.01409478503
16259,411171.3643460518
16260,521264.7050270724
16261,321492.2257909418
16262,602559.324820574
16263,349821.95921991614
16264,290433.6019864274
16265,380242.2733432253
16266,574408.7950881531
16267,727501.6852282836
16268,611802.7411874715
16269,479675.49851406884
16270,791783.7258071293
16271,462174.7730256018
16272,571501.654530934
16273,558509.4760087538
16274,371181.34995277424
16275,204178.36458851484
16276,194897.71541642683
16277,364017.99974657554
16278,591045.6439758834
16279,763955.851745624
16280,168922.59915022046
16281,907237.7094720172
16282,290184.4117157692
16283,409976.3877892357
16284,525069.0035632917
16285,1101862.0427817996
16286,504642.64367841184
16287,708405.6198993335
16288,2002640.5940098986
16289,272028.8517138737
16290,1576945.1007445506
16291,283059.9236791687
16292,459445.3476317243
16293,237319.27764000694
16294,1588276.9813388195
16295,418579.31161939335
16296,382485.3787626781
16297,265698.49793668836
16298,680216.7632660336
16299,766565.0463470046
16300,806552.908910496
16301,1113336.6782477142
16302,451171.07346315705
16303,555337.7929206468
16304,1100388.229628873
16305,789398.6873481632
16306,342710.86772342934
16307,1144420.3933090277
16308,459464.1383736664
16309,300173.56749599706
16310,295916.4951756032
16311,620472.9499043615
16312,389427.47127826465
16313,226923.74548383144
16314,445148.15551606205
16315,497964.7242632366
16316,468501.7265752375
16317,411457.7011450846
16318,311486.34493396984
16319,321534.94761131174
16320,842260.5646545576
16321,232060.1427752899
16322,239361.3183306391
16323,408304.95148476615
16324,482947.56904227706
16325,633459.3533880424
16326,634379.964335298
16327,403885.4862298468
16328,212068.04174587314
16329,309828.1402642053
16330,427282.7756098925
16331,889501.1036103333
16332,288986.4862527805
16333,989860.4483082753
16334,382663.03471312305
16335,462377.00087119784
16336,847434.9965166502
16337,618486.7884360397
16338,652093.2042317066
16339,285487.77531480975
16340,227469.3098383764
16341,840201.3093317274
16342,1228285.6042778175
16343,416529.50645069004
16344,461420.27093527815
16345,850283.1980689677
16346,339682.26208653854
16347,358190.33063777833
16348,665118.4652375645
16349,622865.4216216004
16350,2074927.8703936043
16351,315807.153383453
16352,443181.60360841564
16353,574429.2795574322
16354,331576.93957437243
16355,453512.44144045305
16356,348520.260662953
16357,562614.5619722175
16358,677271.2305870071
16359,728880.9573550588
16360,1022901.5938021365
16361,594013.5254101763
16362,775627.10214493
16363,204139.31964322104
16364,544831.0348011458
16365,1184623.092104802
16366,219230.43964166325
16367,306714.1109935863
16368,350721.516509976
16369,336451.17815071705
16370,618463.8074815975
16371,695780.2730512699
16372,379670.9015419716
16373,247103.0522872576
16374,483630.14549643523
16375,390247.4403276463
16376,594739.8371888838
16377,354327.50604392576
16378,625739.7202154814
16379,1444289.4005199578
16380,249609.1602639391
16381,316621.5216254859
16382,242307.36542881498
16383,538250.9977484024
16384,439194.0452024265
16385,989778.0520030597
16386,300481.1157809328
16387,610091.7426282887
16388,412500.6687182802
16389,302526.2067270199
16390,440142.8844423246
16391,351093.6179267686
16392,631908.7954197201
16393,734485.5021690349
16394,701768.8800384154
16395,253961.92851224242
16396,384241.1816234922
16397,321558.4010128126
16398,193627.76120881602
16399,655008.3972271804
16400,270255.7081264426
16401,3281788.809840503
16402,652325.0885991456
16403,353966.0595411012
16404,467622.8202106988
16405,366484.70706417365
16406,570735.3363043861
16407,767669.124820432
16408,215402.49244415178
16409,497701.1198451041
16410,462411.60148698534
16411,570282.7370151348
16412,603147.7357342426
16413,365492.83979368565
16414,352492.4038612865
16415,763575.7460631155
16416,318941.56065957807
16417,567171.6147558993
16418,145374.183400358
16419,245337.06731433157
16420,341780.23202172556
16421,880089.7875965314
16422,249348.41468150355
16423,378874.6161695819
16424,357461.320343248
16425,314295.99247497966
16426,489211.50998374406
16427,592085.0526732435
16428,478205.6199841547
16429,283974.8763206412
16430,626019.8524367169
16431,479177.42982300156
16432,1486117.1912218814
16433,763854.6258533584
16434,866897.3197311143
16435,948509.4011534274
16436,908151.3460926651
16437,322330.2907394698
16438,670115.5153222637
16439,600075.2911871524
16440,566735.0824264174
16441,588176.1729745795
16442,832388.0150524533
16443,411892.65815550607
16444,423109.4411768983
16445,792625.5134313309
16446,526972.7309750301
16447,322419.3878838634
16448,734271.4999245347
16449,322073.774110486
16450,693043.6663284996
16451,608760.5892184669
16452,533663.4724918328
16453,820227.7915612868
16454,822520.3643058934
16455,578633.1588174538
16456,409435.67211790325
16457,409314.5380805746
16458,602888.9685705702
16459,1173377.6394476935
16460,607509.8951430633
16461,445710.5776011905
16462,388230.12654602795
16463,252532.0384534879
16464,465397.3122879767
16465,384786.7292996641
16466,467136.88749552733
16467,225338.66317270778
16468,684927.4501710462
16469,744564.0833436314
16470,1028895.4172361763
16471,792378.6968045416
16472,249976.1643135517
16473,710458.385768414
16474,416183.0151750714
16475,497337.39639652584
16476,604071.3766521582
16477,494415.7420189435
16478,380793.5627811698
16479,1415857.9440239095
16480,262440.3145399921
16481,325026.10007207294
16482,1580099.352759409
16483,396490.0167565957
16484,1009189.1745166329
16485,616302.1016510404
16486,369776.8359743792
16487,400219.0874973144
16488,418542.7938270456
16489,800840.0162170598
16490,479743.661751025
16491,697897.9626729015
16492,565323.9091455328
16493,314510.09041850496
16494,527271.671529604
16495,721763.5209935147
16496,362798.747309379
16497,594532.2640227177
16498,320859.4625619304
16499,664241.4757382548
16500,453413.89185901213
16501,235640.40516260665
16502,915240.3818353841
16503,387656.14074622263
16504,256287.92742637545
16505,390427.7180012909
16506,207488.243883754
16507,368081.42821996764
16508,194164.22730371458
16509,315793.13823538757
16510,239982.39604067637
16511,253174.03139203892
16512,593742.214367115
16513,782428.1957590568
16514,712583.674638167
16515,236108.93056887234
16516,349754.10067288345
16517,595284.0253360498
16518,744966.8766983227
16519,785891.7159677258
16520,215112.68182015637
16521,874465.5811402807
16522,210487.44514740905
16523,259210.7803683091
16524,653202.508294131
16525,884175.4573270248
16526,209391.89942265235
16527,850077.2749247891
16528,631250.3199822549
16529,463477.04046499333
16530,845655.4265439379
16531,359022.99524596194
16532,661713.1191841064
16533,423351.4008894209
16534,685026.4633269359
16535,191786.92669458923
16536,236311.16353830186
16537,444169.30240046093
16538,890682.2973286719
16539,600867.0016749244
16540,205585.0857649428
16541,256270.5584372293
16542,376984.76329845586
16543,393454.9093716396
16544,255705.49542496068
16545,281689.524733154
16546,300177.3178754484
16547,312792.5818331924
16548,541553.5862328984
16549,402231.3647560629
16550,328937.0741337266
16551,307608.51467182307
16552,719327.1012719966
16553,151090.14407814588
16554,423651.21886997763
16555,264295.54834078794
16556,564607.2194161798
16557,312494.01462950045
16558,715198.259153706
16559,255366.90035975832
16560,688441.7431722787
16561,457441.26431392384
16562,453147.2959277934
16563,395064.33011732117
16564,584387.3265781046
16565,455849.6345100788
16566,351362.817818847
16567,594779.1984657049
16568,414846.0152396134
16569,337550.17947476637
16570,365895.02471719484
16571,168149.44940892165
16572,846820.1518186902
16573,268737.529035039
16574,643162.3180886103
16575,722684.3750994417
16576,325439.1266585391
16577,461041.9483021185
16578,303315.4191523575
16579,493598.5205662309
16580,504446.5259158935
16581,290483.8639818003
16582,414776.0652712085
16583,570477.2588015334
16584,406023.67286734935
16585,578730.9724821657
16586,184271.47533707015
16587,782617.7778314963
16588,344126.84364948916
16589,587791.2694972762
16590,263206.1919739903
16591,474203.4362298742
16592,274984.99324169336
16593,290121.5386344289
16594,528860.8765819805
16595,745824.6910721768
16596,827271.6226289221
16597,275987.60417795193
16598,408207.7271496516
16599,786483.8633558912
16600,284671.9751311993
16601,925097.9944182192
16602,187246.01167084122
16603,276909.5179368638
16604,451431.09326821315
16605,266397.222768808
16606,782821.498731964
16607,306757.9630239939
16608,415018.9837709036
16609,596821.2767631155
16610,283162.3419984913
16611,335191.512771571
16612,906873.4010222605
16613,623612.5557563875
16614,950330.0823795995
16615,412090.9676278888
16616,328604.03157867474
16617,509480.42316873337
16618,308140.1160590199
16619,277441.83003099886
16620,513499.99182218435
16621,270378.6816445672
16622,383801.99333308166
16623,370160.23001161736
16624,688197.5598394373
16625,336526.99488963094
16626,668013.5360594067
16627,214871.24866814527
16628,495843.0694822609
16629,604408.1643156759
16630,720188.8967575496
16631,458138.944127277
16632,417582.7802184333
16633,261957.08386944773
16634,478126.43813129497
16635,219490.32698624855
16636,219716.08594893833
16637,232636.23615943175
16638,468323.79906551656
16639,286073.69046507234
16640,297562.1321712434
16641,1390785.5691157551
16642,663581.5060758506
16643,541895.2201593356
16644,730277.3862922956
16645,505705.530671193
16646,222177.31632030435
16647,606854.6989435992
16648,442862.9784832139
16649,513151.48048357345
16650,262993.1963274119
16651,352340.59107251273
16652,518235.850349696
16653,384553.3753366541
16654,535868.5569721451
16655,496807.81592862937
16656,536317.0384319867
16657,751215.4060133379
16658,475946.0585457457
16659,542041.2983606437
16660,353208.931997199
16661,247974.5910135536
16662,756264.2189912174
16663,329869.83619819983
16664,541371.0121620499
16665,1317294.8453084792
16666,396723.1086323514
16667,530571.5443258391
16668,195044.55175079894
16669,267195.20756314514
16670,264414.15920154285
16671,635905.0016604649
16672,895897.0929546134
16673,384432.9499990642
16674,251601.1964481597
16675,334824.0642239539
16676,506085.39943451714
16677,256911.6851342724
16678,787898.4366638047
16679,304472.6878352412
16680,264585.51954014937
16681,503697.2314114406
16682,481898.92581860285
16683,299459.2448742595
16684,261514.8371809936
16685,372139.5999369956
16686,391288.76366588793
16687,2448992.7973182457
16688,525187.8193056145
16689,476226.4275406879
16690,410504.5113514006
16691,1332239.971537092
16692,274741.34590939555
16693,567916.9414702446
16694,267981.88068771607
16695,303002.9699359568
16696,1771819.6555660141
16697,1015126.8856409367
16698,674609.2620050329
16699,221116.62483471408
16700,391008.211092351
16701,584182.5630777782
16702,561209.0997168133
16703,409577.1741898978
16704,396823.20895267435
16705,589331.6924886893
16706,540968.6516116966
16707,498844.70099984214
16708,426402.0779885985
16709,595140.2220152428
16710,452327.531102932
16711,503011.3996855377
16712,308364.01482030423
16713,430245.97057047917
16714,817171.6521884815
16715,226851.3432144911
16716,885798.0544098392
16717,616275.7996296346
16718,766689.9779660518
16719,521633.1547587831
16720,222287.41161599386
16721,171688.09223936882
16722,527649.7133989308
16723,358381.6697670513
16724,1367107.5736211846
16725,555148.4405697146
16726,209012.19832376795
16727,3509617.1803322514
16728,268877.0033575483
16729,339836.7775694923
16730,452888.03954277065
16731,494690.53536004655
16732,432893.82389166515
16733,230180.00083960113
16734,911865.937516288
16735,502455.1976332719
16736,754707.6612148556
16737,506082.4513850556
16738,214486.60915313975
16739,629474.595665025
16740,446565.9853558202
16741,186252.42040468843
16742,703251.9478771727
16743,277670.44256171637
16744,646776.7670305062
16745,513165.5060497387
16746,808146.7015372434
16747,333283.99246610765
16748,1136463.5642822522
16749,384326.2667097393
16750,454003.1664720361
16751,361953.02858425386
16752,308981.0144336612
16753,745946.0924859821
16754,304201.76667404344
16755,817738.935753196
16756,699053.1217088541
16757,332063.7408708637
16758,272009.8815907947
16759,331630.04671058786
16760,566495.1847699822
16761,414397.1421971115
16762,570989.230393967
16763,392871.9819432278
16764,311165.8775929254
16765,330486.38104696345
16766,463467.1049352466
16767,602394.4837442018
16768,426939.08678878204
16769,485168.9068614102
16770,234461.44869516796
16771,728489.4317533416
16772,341865.4656559259
16773,512812.29860425857
16774,207853.45104017833
16775,480725.19895354373
16776,490768.5335650072
16777,534116.4033294353
16778,518193.327215701
16779,225401.28513032486
16780,644203.5166162375
16781,1651863.9597637733
16782,779944.2620021105
16783,323799.60650213994
16784,717149.7278472533
16785,770550.7454323272
16786,235970.99001415074
16787,523836.3524112714
16788,397826.5829501626
16789,642132.7288422021
16790,317135.16505977366
16791,411645.566508539
16792,598126.1766157665
16793,342021.43397385837
16794,555363.4889678478
16795,403069.7029325927
16796,798593.3834862032
16797,1042819.4011498456
16798,483949.5923550006
16799,565444.6816895271
16800,453894.98656679643
16801,470408.5691247903
16802,234242.71210495004
16803,190087.05209894694
16804,1427231.765035529
16805,501113.98368004576
16806,456984.62067704304
16807,738219.0309080902
16808,873313.558426015
16809,756044.5045782129
16810,383288.72466556594
16811,637403.874255537
16812,309389.75720223825
16813,361442.25588401454
16814,552835.6389008911
16815,198310.56505023804
16816,702513.1622545433
16817,486430.83914538805
16818,637697.8196247916
16819,245382.93679423386
16820,541029.5478295308
16821,691760.9650977642
16822,740699.9284709897
16823,1130287.7968026695
16824,204188.7444402795
16825,260924.8114132999
16826,422550.5374637248
16827,843452.5931085513
16828,580812.979387245
16829,509493.8801624449
16830,396076.6809190069
16831,354322.922860296
16832,597427.8467932557
16833,370184.3215254486
16834,234010.32409693225
16835,434561.8064836623
16836,1029142.362696396
16837,343791.1581547159
16838,702485.3935190059
16839,482343.59915962594
16840,363966.0835463087
16841,368642.95071087504
16842,329981.2570239409
16843,819524.2915224596
16844,214317.9215214914
16845,559515.1759037651
16846,614264.8494803259
16847,574872.5055790694
16848,594252.2358817664
16849,506320.04778074974
16850,546254.056973834
16851,695680.2581905555
16852,965748.0054927432
16853,362676.15969935036
16854,393488.89172681334
16855,246364.6281202451
16856,526461.2553173256
16857,478652.98375698767
16858,1324393.2996057575
16859,408511.5618398005
16860,319246.6668763312
16861,691547.1289827683
16862,409898.4693612611
16863,219691.65374583605
16864,378834.97489993094
16865,392059.01057481184
16866,281615.0950965588
16867,246911.65851286106
16868,324907.400312809
16869,335449.0894311345
16870,242848.36233496843
16871,606022.3275663595
16872,495580.4743319716
16873,496129.7787119785
16874,804559.6322968514
16875,342805.13984133315
16876,854277.8761031891
16877,557582.166027517
16878,449202.83770449733
16879,1004302.4974120575
16880,799628.0683895438
16881,1433642.9555478112
16882,169932.04797177878
16883,180831.88253214557
16884,266189.9192912363
16885,446351.99466379324
16886,233214.93769556985
16887,789196.1960612643
16888,233532.40905261532
16889,809105.4509600098
16890,319532.78761880065
16891,488689.0229929507
16892,301287.944251577
16893,255282.9361009956
16894,278672.23213343474
16895,541262.6637032414
16896,466750.4269564126
16897,277228.8812961328
16898,362871.9896224348
16899,244246.6409930899
16900,262120.06406833598
16901,1038471.3613570388
16902,642936.4476726473
16903,705210.9125630436
16904,557235.830031864
16905,270413.4145598201
16906,1236957.5455449943
16907,495742.6198040682
16908,397963.8865351411
16909,417561.800626981
16910,273180.8999748816
16911,282032.1434254663
16912,279855.0869861188
16913,287696.4140399876
16914,965808.113241433
16915,1272018.634712101
16916,401432.6369088496
16917,1116891.360263885
16918,210705.2451261849
16919,257631.4240885289
16920,431208.985280407
16921,523419.26911325834
16922,264512.3611329692
16923,277682.50299343
16924,684176.5855592457
16925,481501.2397664541
16926,1122631.6490732965
16927,661629.7744691169
16928,384173.9481684596
16929,377096.8382506111
16930,509676.6371283103
16931,436762.64130163006
16932,495874.79381111584
16933,571419.2164502242
16934,231292.48430683842
16935,254891.19489021564
16936,712584.1060207943
16937,243326.48456574115
16938,281722.39423828817
16939,853395.5098158037
16940,441242.4278907642
16941,339522.15742477216
16942,214759.6374546225
16943,858059.4644380065
16944,627557.0301857028
16945,238925.82287990677
16946,704625.168786525
16947,482221.61462061695
16948,939540.9954911293
16949,283118.5312366033
16950,374080.29934965575
16951,215943.23557436504
16952,568430.3319702293
16953,317812.6081224616
16954,364165.05363327457
16955,881245.5436806569
16956,883571.5796757711
16957,315626.43938070524
16958,508206.1342981426
16959,613230.9792511284
16960,198401.0872529049
16961,532718.6007193495
16962,514758.7016748289
16963,428822.93315282307
16964,494961.4183875633
16965,696915.1771335267
16966,1258493.284256299
16967,936893.5908466446
16968,199253.48383016713
16969,584243.6529421452
16970,289468.3520472224
16971,325317.60636291327
16972,316434.7555236921
16973,652244.2588626678
16974,670975.7351113907
16975,498772.0067261648
16976,176148.80178591723
16977,390962.6253961038
16978,250358.43402971516
16979,554652.3072111667
16980,243993.82240425973
16981,572519.1849833775
16982,825493.6446854777
16983,574984.3904575888
16984,237976.69672348752
16985,333201.54508797254
16986,356242.5949161259
16987,259287.04766682818
16988,253775.39205297935
16989,587236.5109125816
16990,233619.8514643327
16991,276807.57023447513
16992,541695.1686880587
16993,666370.0318649019
16994,306808.3160670745
16995,276938.38733207237
16996,456248.1406181825
16997,813118.5344863017
16998,326149.1737569986
16999,2019046.9367950475
17000,469973.3723086978
17001,1245119.2217760885
17002,167052.36310932875
17003,407897.6579221905
17004,227051.3051642454
17005,234825.60183225665
17006,1159963.9046005784
17007,715099.3095242134
17008,480618.25761519576
17009,212783.3969864471
17010,273007.8950522891
17011,244925.33595143972
17012,579594.1743969163
17013,470971.11716045224
17014,660288.4139665085
17015,329260.2318558279
17016,421104.55018128065
17017,209037.42560905518
17018,954709.3693813591
17019,333188.59726074187
17020,504712.91473332816
17021,244267.1365576387
17022,652502.2036741805
17023,607087.9853246164
17024,702959.0373553614
17025,254417.88334570557
17026,280379.99266890064
17027,410980.6829862991
17028,1141917.2877254772
17029,1093125.2508809888
17030,600149.9497588082
17031,782409.7819531014
17032,820447.9194129815
17033,535616.5763028113
17034,231331.8752585679
17035,213570.22095156243
17036,300730.68489948893
17037,310683.8744316098
17038,483872.077288237
17039,548173.749962303
17040,751737.0152495346
17041,544876.5459024538
17042,194918.99040746214
17043,355519.4199290227
17044,588383.9127234156
17045,571449.1076006005
17046,681452.9681415377
17047,582717.9020106558
17048,243344.61904364027
17049,802575.1672058826
17050,378635.08302853565
17051,403989.5519709318
17052,282363.55871519324
17053,245785.9395815428
17054,259416.1634543955
17055,231621.22146384843
17056,290296.6638053195
17057,277246.8428733081
17058,328869.15280998
17059,364875.95357108884
17060,786771.5675642265
17061,1268946.565600309
17062,229033.0162492305
17063,546528.9517623977
17064,1296429.561949335
17065,344537.97870335897
17066,400328.6815322102
17067,414277.18983527937
17068,637392.7636939866
17069,574068.2337409573
17070,228469.94592054727
17071,797678.3329519944
17072,155190.98013309552
17073,697819.378258384
17074,236976.99106928013
17075,219500.0130385645
17076,356866.46690024436
17077,231662.01397695605
17078,226242.95658333617
17079,448228.4696501783
17080,402041.05491464457
17081,223798.04140033518
17082,243070.07463554823
17083,312683.0194151003
17084,635593.128569995
17085,677900.4671969597
17086,885448.8270014635
17087,746457.7010405966
17088,629918.119641106
17089,413046.11203436565
17090,273364.53679666546
17091,525747.9049859989
17092,512191.5937286186
17093,336734.03016833024
17094,239853.4726890732
17095,712440.7460672626
17096,182065.79727230806
17097,769032.8897891038
17098,317015.04665472964
17099,290343.7142392882
17100,560621.8574451506
17101,226839.75343309526
17102,494651.6655237154
17103,238146.7368476355
17104,551175.7019079004
17105,283814.2665143827
17106,953167.3225858401
17107,561652.5347500403
17108,427331.4912892908
17109,750567.1653838244
17110,671267.8235716932
17111,702258.2747378958
17112,362405.87200612214
17113,580087.655748904
17114,504994.34529252735
17115,477123.87038754614
17116,416601.91484892345
17117,297958.3553716279
17118,398891.77491284366
17119,311267.67451059696
17120,547602.399309351
17121,376940.66267095256
17122,266457.1342066803
17123,231805.54416714679
17124,267449.5718948436
17125,2788216.150834677
17126,635842.9601397516
17127,681720.1738730277
17128,386205.27556607465
17129,884136.377137476
17130,569714.7128914099
17131,352860.49841719016
17132,199190.9386491611
17133,290730.1706525751
17134,504673.4003011893
17135,316980.58904872014
17136,450020.38337380195
17137,440283.9969397348
17138,724267.5180432841
17139,301319.5158746003
17140,395375.7783469953
17141,160311.56733779132
17142,414268.13481229835
17143,245208.39417992203
17144,1053735.0136030004
17145,733160.9753944329
17146,787860.3751607809
17147,443516.97323684685
17148,228493.02531852043
17149,501051.72108031204
17150,287617.222515716
17151,504444.77773169184
17152,676219.0779400201
17153,568460.7408784798
17154,593361.6809556915
17155,310850.6674186935
17156,798266.3416482758
17157,337152.94179970125
17158,332772.3372155621
17159,425351.14602250856
17160,364982.4445531765
17161,535240.8620678978
17162,294111.7740414982
17163,499963.2468110079
17164,184303.85329655276
17165,549484.2371828051
17166,343012.3793145109
17167,370219.38867098663
17168,335204.8900789817
17169,308309.819013731
17170,758235.7866697802
17171,335742.9167469016
17172,769149.9919032151
17173,424196.0797663944
17174,650154.2174550585
17175,851738.9030289726
17176,336506.34979607584
17177,922242.3131347606
17178,360436.4366591273
17179,704027.8005348006
17180,348514.65852118924
17181,679452.9638929571
17182,787509.5698618216
17183,364040.10722323286
17184,673923.021383324
17185,271355.19573764957
17186,1004226.3459341299
17187,571610.0028009202
17188,1177839.9268799922
17189,501871.5719650692
17190,394736.4290312856
17191,519093.4448343598
17192,406825.43173694913
17193,458083.42057487275
17194,208758.54647969207
17195,445632.6682796486
17196,595006.4414157564
17197,490863.2107320401
17198,450993.1180511837
17199,1016136.8756509315
17200,500531.1727085596
17201,398502.44028086035
17202,428342.6733497378
17203,879601.4382045157
17204,467061.98825004493
17205,294269.56616737146
17206,950521.9817029579
17207,432464.1973455656
17208,301053.1810774237
17209,381783.19240553415
17210,615999.1468974311
17211,424191.47278187965
17212,557624.9252704101
17213,909440.9113945835
17214,236709.42567410937
17215,407913.32229753805
17216,377693.9457423061
17217,272573.5494490333
17218,250463.70232528617
17219,488059.4687656647
17220,228304.58304166535
17221,522073.2144345529
17222,403299.4479903818
17223,224967.76932886784
17224,545166.1729786005
17225,227591.3965674273
17226,955503.4268272227
17227,548126.4895978332
17228,968129.4593088118
17229,588000.328120669
17230,184901.57607424326
17231,437865.0485541072
17232,287704.75485299696
17233,366311.0877894843
17234,614579.462710495
17235,544533.959800056
17236,520897.3451410595
17237,539033.4809471075
17238,303993.67914544605
17239,1695018.3333876901
17240,221012.1361363829
17241,241071.12127958648
17242,231812.3316815086
17243,495153.09082037484
17244,293837.53722306946
17245,563445.8169550658
17246,296980.0201937762
17247,349631.01214757963
17248,393594.38642281434
17249,547059.5167516638
17250,635416.8795140723
17251,181714.36546609367
17252,413778.40343926963
17253,237900.9103173901
17254,429975.00857389293
17255,361669.395124559
17256,602617.1515636058
17257,2287948.0862018266
17258,635114.8023606866
17259,682709.2880644979
17260,203084.0207402594
17261,527642.8614268567
17262,564883.8030177812
17263,413371.9209562496
17264,641892.1888403278
17265,237050.5078793493
17266,676476.9908104828
17267,354270.2143987489
17268,796972.0460396262
17269,495574.4099403412
17270,271880.677960488
17271,310531.7285788349
17272,576268.417628325
17273,377731.4977209067
17274,562333.8368035638
17275,463939.5836251499
17276,222192.64267603884
17277,421185.88673149893
17278,298116.9578695885
17279,299313.47791383986
17280,680080.8696967035
17281,572570.6887729495
17282,510277.48414767033
17283,598121.1098353083
17284,373730.04635745904
17285,305363.8704213251
17286,232667.65266560667
17287,248729.62510491154
17288,271087.26493464573
17289,436759.4836505094
17290,930039.7930181646
17291,475705.00440927944
17292,258399.06933757872
17293,368438.573941938
17294,385098.7240035267
17295,495208.07541899703
17296,172570.8488834809
17297,710995.4596707998
17298,427671.61504948
17299,894214.4241191704
17300,190836.6022226452
17301,335334.4764201953
17302,653203.1731299111
17303,1186714.8878182094
17304,442745.4835057024
17305,354584.53663329105
17306,696943.358594593
17307,505618.44749140216
17308,339771.82849106047
17309,241452.8160599486
17310,460120.813649878
17311,451144.9972605371
17312,261944.9135353545
17313,1276007.5088679357
17314,728157.2931401789
17315,235968.1115671202
17316,714085.3759607836
17317,312630.0255383954
17318,320753.8536846831
17319,326361.1649712488
17320,482493.7636615474
17321,1231002.5790067045
17322,191470.7190980681
17323,621298.7971676036
17324,1292543.626515783
17325,281292.6773786883
17326,498432.58808818774
17327,470040.55563825887
17328,261237.46041470006
17329,1218640.890742652
17330,241833.63128884172
17331,676942.0107675142
17332,772947.9149880329
17333,418304.8366960008
17334,391395.7643879557
17335,355635.97505735065
17336,220122.38523032545
17337,732209.1949781333
17338,570260.9710661122
17339,211460.280776625
17340,535838.2186278411
17341,244493.67120758674
17342,330558.9344470667
17343,380072.4155341884
17344,369226.5106480699
17345,260527.29720363708
17346,466328.4660034629
17347,542174.1975023964
17348,677013.0813494426
17349,197577.2553261085
17350,282997.2321419278
17351,571685.2186479928
17352,432565.30894246104
17353,663761.6631785372
17354,524552.0047962083
17355,529975.7826252233
17356,317414.6683739446
17357,775394.3111755601
17358,216389.54111912166
17359,322520.82007779926
17360,660667.4492324061
17361,579631.344392418
17362,646840.7444120545
17363,696064.2884220348
17364,672870.808420957
17365,416526.1632103646
17366,801746.0706668335
17367,245972.27305480163
17368,415091.26975124126
17369,895103.4642113936
17370,430544.4594058018
17371,285805.3639981794
17372,608498.3314452787
17373,406320.7607076247
17374,445705.55999180255
17375,318975.6555295596
17376,443869.6192886137
17377,438992.4635099377
17378,944357.7598510941
17379,646503.0718975562
17380,356169.0912157629
17381,711725.691653868
17382,1610121.0960391504
17383,841454.0356048662
17384,396344.6684136202
17385,831218.1134977479
17386,436687.2916529227
17387,497784.8230756257
17388,1037344.0827015785
17389,217096.75579113196
17390,500784.4701208903
17391,376860.6907839242
17392,365671.66349681566
17393,741736.4307758997
17394,271642.0466095286
17395,261770.1146143698
17396,373035.26257194736
17397,477811.3193302698
17398,230756.0593321893
17399,288670.055402906
17400,4399093.130599763
17401,631532.9795421036
17402,477397.785753649
17403,606185.885214899
17404,381443.9416494816
17405,313605.0596160578
17406,476225.26149569504
17407,434931.1439427683
17408,371948.45573084755
17409,302334.3925570099
17410,600411.8572081343
17411,399318.125460156
17412,300090.7443991696
17413,333655.6214004344
17414,504119.2626847394
17415,345402.34997332026
17416,635410.8838943527
17417,288847.0309576685
17418,750960.0793090209
17419,971160.8604757624
17420,189870.63337445795
17421,545224.0904894826
17422,525159.664290144
17423,2032876.3964639462
17424,302561.86145491904
17425,290308.89986921183
17426,372313.8061396289
17427,453507.4315959253
17428,582613.1812179448
17429,234889.2732225471
17430,1879433.9908415126
17431,862263.7065679044
17432,587168.865275173
17433,276264.6369954936
17434,278007.41864071926
17435,313436.8449367369
17436,428775.36402340716
17437,643256.8209684605
17438,230742.49272843773
17439,1681798.2355196504
17440,370677.8020581821
17441,318523.2359938324
17442,664836.3108549815
17443,480522.0922567296
17444,637001.5883970086
17445,493819.0786028514
17446,355416.165694393
17447,583390.7781942752
17448,283227.7766711215
17449,294982.40351162467
17450,367513.317018147
17451,337626.7657641226
17452,297816.98706001014
17453,315979.23270395736
17454,346027.44466586993
17455,284568.38439065916
17456,438472.9249668336
17457,420387.1127283673
17458,508092.29835546995
17459,185241.29779849478
17460,497419.9080713809
17461,467885.2315641996
17462,597938.8435992945
17463,575238.8407575148
17464,399633.1713770802
17465,206669.54342247598
17466,456631.55434490653
17467,629859.3195300084
17468,360085.718325158
17469,632710.529705755
17470,411320.9184644541
17471,275287.8019720401
17472,298532.02572954097
17473,234051.25066033594
17474,795106.310733099
17475,696551.1305505086
17476,551832.0257919021
17477,300122.90092635434
17478,294976.5611654969
17479,513880.1289110062
17480,335523.67150261777
17481,235001.94385325364
17482,533933.8406978064
17483,409959.13293512515
17484,403040.8553004344
17485,279142.47523037205
17486,773487.2989214637
17487,369274.90995309496
17488,444162.38088809105
17489,524709.973245093
17490,550115.4291529491
17491,681090.256253117
17492,654977.6901878957
17493,484007.4278147357
17494,557486.275434338
17495,212454.3833334285
17496,330413.09331557306
17497,535512.6244535203
17498,753410.9305197892
17499,312680.4359871306
17500,1062992.615174571
17501,405940.16814612376
17502,713807.5216148099
17503,529640.7523066724
17504,363135.7011622368
17505,298622.32401244174
17506,218257.9957686488
17507,249031.8588674873
17508,443960.8676567085
17509,305062.95472190785
17510,476311.83611610276
17511,900484.0576902499
17512,525177.1837853069
17513,685919.3883862727
17514,431728.946154949
17515,334770.2136205278
17516,289890.5054402218
17517,282976.12535284745
17518,386202.91377634497
17519,277512.4174378017
17520,244296.31238117476
17521,231867.92223133342
17522,427856.06311560544
17523,1253707.6896957662
17524,325771.89267662395
17525,809719.0505123605
17526,269047.5567938622
17527,335695.1721074013
17528,663867.2337734697
17529,510479.05811940756
17530,311901.81353129784
17531,292543.45643974293
17532,733219.7464365466
17533,269679.6772000609
17534,412768.99675735313
17535,227469.77593806045
17536,417395.37318347505
17537,628135.5178542343
17538,529337.6684595643
17539,424509.69462108327
17540,523100.0580716376
17541,283011.0763225216
17542,284868.3176446753
17543,398469.2255178577
17544,808705.8511755817
17545,1042033.155873549
17546,602480.7904296138
17547,858043.2253909413
17548,1327451.9473374097
17549,429637.94117234356
17550,584189.118305763
17551,315261.9763872093
17552,458897.9736469451
17553,504928.39398096176
17554,320043.69059921557
17555,535124.2717709624
17556,197601.90550698055
17557,264221.1122132927
17558,503688.6737350699
17559,508284.33550752094
17560,521457.58061591734
17561,461684.8408344461
17562,802773.063698482
17563,909401.5271232096
17564,791258.125353053
17565,471875.7672120882
17566,1067149.9714367427
17567,439648.73171856796
17568,302598.11815720564
17569,187422.22230372007
17570,320508.1926924453
17571,336998.9391749574
17572,615863.9710934447
17573,170466.44528614674
17574,384199.7387465385
17575,783914.991322487
17576,297821.6491866139
17577,293112.5863474619
17578,476702.5434558412
17579,619256.4761782484
17580,214592.89185827196
17581,3059189.72123265
17582,465475.68517860956
17583,329057.23482054874
17584,683645.5361236951
17585,352121.89421258576
17586,631094.1305304295
17587,612017.3070241264
17588,462466.45384565956
17589,257200.28533246033
17590,378431.8974115637
17591,401050.3858835598
17592,269395.8669112745
17593,588399.2885534338
17594,895007.8165386355
17595,404688.11652372766
17596,623224.9048162505
17597,542529.855487683
17598,401402.76264112804
17599,505654.2112419043
17600,260748.86641935
17601,695932.4395473141
17602,572718.1650640602
17603,376890.5984787292
17604,529340.7023660508
17605,630801.3193266165
17606,193298.7953249917
17607,747860.4261882234
17608,356801.38794407126
17609,309305.93470809754
17610,730016.3696983956
17611,778830.7455677405
17612,432709.80092906253
17613,279677.24314460094
17614,294274.8044617238
17615,391622.40540029324
17616,480027.42922784266
17617,450719.09520622646
17618,388311.8842797454
17619,491470.2230833444
17620,329266.39373303857
17621,480218.36182429147
17622,250658.8831658676
17623,314215.22084185
17624,250880.95353895277
17625,490432.95606727194
17626,336134.13544729206
17627,491653.8174737125
17628,194459.54865432822
17629,1326178.9866269557
17630,307096.6537769368
17631,350722.4663976434
17632,604718.2759264378
17633,395811.9787379694
17634,222134.88422068898
17635,1381906.0837517916
17636,246386.14947571783
17637,591821.8289884789
17638,306073.5595732132
17639,957951.3666258618
17640,810246.8294470528
17641,217026.95054025255
17642,236979.19549672838
17643,867753.6236338364
17644,420231.514905791
17645,274140.83741714724
17646,377452.61260248924
17647,338764.4114965728
17648,577453.7834126322
17649,539942.4984431295
17650,243860.67785636202
17651,1103283.5602472352
17652,299915.8029207447
17653,210635.71046195927
17654,396416.6437943794
17655,366930.1399127784
17656,343766.4834220985
17657,425697.97723054694
17658,294917.93611587014
17659,610220.6453753677
17660,262899.0291375515
17661,306160.6158106884
17662,304000.292248382
17663,249199.53989393517
17664,247126.43219724274
17665,250413.32798920575
17666,514933.35979021346
17667,400273.90017605183
17668,385923.13495801354
17669,582566.3017286113
17670,365198.0370126202
17671,341090.00934870937
17672,549400.3379737671
17673,316195.14618559444
17674,355133.2204382951
17675,314098.3847666233
17676,254589.88572660612
17677,426884.0324249197
17678,257389.58125342778
17679,215580.26878847816
17680,687414.4373354557
17681,368502.9971104141
17682,751496.5990753972
17683,405726.385584565
17684,400151.9857127902
17685,547432.1906111514
17686,689108.8765578809
17687,564649.0721268615
17688,446538.3785911084
17689,554031.0044660325
17690,472137.2271369128
17691,325807.04170377646
17692,676501.3387092258
17693,1211094.3795725466
17694,659331.5493103287
17695,922211.8443913875
17696,315529.9836991877
17697,439534.90271990467
17698,547955.5401287021
17699,801510.701943058
17700,330775.7009631133
17701,660024.3369838322
17702,476513.7861311938
17703,376602.49402437796
17704,618634.9174113442
17705,574020.4822042993
17706,390072.37874024425
17707,706555.7693404543
17708,558234.0535396938
17709,543681.5064380653
17710,287643.86311786197
17711,368561.7799577693
17712,391742.0914971066
17713,472027.83808827243
17714,432739.64086531865
17715,295298.268822186
17716,662150.6393587188
17717,227033.90736882473
17718,333444.87156851974
17719,380314.6687444039
17720,335814.5095163847
17721,537858.9314749655
17722,244736.55512560386
17723,546539.3419812719
17724,499535.2540508278
17725,432443.69138539827
17726,697679.6355870244
17727,1009932.4499457015
17728,221853.90824279186
17729,631180.5451734881
17730,628461.3473281215
17731,906641.3093878854
17732,972155.0690028351
17733,964834.9478000641
17734,265041.9876811898
17735,822281.7472236909
17736,210802.83892200328
17737,347450.68031194824
17738,198626.82738329002
17739,447106.4821431338
17740,240906.43946711472
17741,560378.440776724
17742,539779.1481697584
17743,329865.94079643366
17744,577797.8671706687
17745,523645.56370956654
17746,556885.2620814737
17747,338657.6876558446
17748,1230120.0593053498
17749,330866.5227143716
17750,386059.08244912926
17751,720948.5648973742
17752,384152.51744925143
17753,338708.0629379311
17754,493754.28631357325
17755,471206.3725132753
17756,257456.5622072539
17757,548407.1994457479
17758,551394.3181081128
17759,390516.63991591503
17760,435654.33601289755
17761,403050.93068818824
17762,335534.02329802373
17763,438110.8502124839
17764,731762.4242560377
17765,580444.8995491735
17766,711917.4021599938
17767,625637.2431871493
17768,646861.439111839
17769,426065.0933547082
17770,511488.2011249978
17771,430986.0997548305
17772,261659.9178682453
17773,689602.4924987069
17774,292323.08264157316
17775,492833.77314478805
17776,650762.973286462
17777,549464.3225403281
17778,452016.96431517036
17779,424123.77018967015
17780,869968.5392134278
17781,251228.05883763504
17782,588666.849225516
17783,508315.44554484746
17784,218529.9291331517
17785,267074.75333569327
17786,563169.199660264
17787,334114.5981421463
17788,734433.8591509897
17789,290163.0214010203
17790,758581.5438509828
17791,625548.8576171588
17792,187819.19910933878
17793,294108.9568351982
17794,353773.55250282737
17795,1285959.3834458992
17796,1143984.8494581792
17797,780489.3879868926
17798,626700.9335277445
17799,227271.44234654828
17800,259627.14418672724
17801,205774.45187345194
17802,509395.9268709964
17803,351659.541810932
17804,291576.06569213566
17805,439323.65116167674
17806,289408.28089906584
17807,424489.59976428765
17808,682381.6388160952
17809,301202.2552744342
17810,369555.2076478653
17811,580428.790924678
17812,206209.46543000042
17813,777149.367459659
17814,245368.56773043858
17815,550244.3170744575
17816,426234.1904302474
17817,425492.65430701076
17818,295366.2706714872
17819,456341.2913581984
17820,879721.8564304565
17821,278740.87717166165
17822,379577.4002836059
17823,663838.4706097428
17824,324242.90332282044
17825,383825.1897687064
17826,295513.6785163366
17827,798598.7426650649
17828,717671.4855836091
17829,473914.0220677166
17830,391008.3469120229
17831,290976.8774131702
17832,747000.482735894
17833,325338.8692122053
17834,373731.93656189326
17835,299715.07821836043
17836,263554.6269739796
17837,265504.2974450065
17838,504486.57936395507
17839,242027.66079145088
17840,282922.7096194806
17841,248359.7133311291
17842,350087.4257479661
17843,772075.7919727785
17844,426437.96812828846
17845,795294.0471559379
17846,646388.0719864817
17847,445819.1491318241
17848,258640.80987600845
17849,1226131.63939951
17850,369206.36901276046
17851,670207.3817205338
17852,906200.8683867413
17853,681965.2821401389
17854,423973.9150261289
17855,315577.3450581862
17856,1168427.954911536
17857,780094.4072782657
17858,461873.58267214336
17859,521067.41074999963
17860,455195.5753395503
17861,431352.3191514545
17862,497476.27708963025
17863,276257.6550033816
17864,542754.468439339
17865,1638622.2016610021
17866,225947.69641649188
17867,584268.5657145666
17868,286254.3388548216
17869,458285.7999401702
17870,241131.57389039168
17871,1636893.2740870207
17872,264045.0606642332
17873,374121.47282430483
17874,750903.7654195186
17875,234782.8016375826
17876,393912.2646170785
17877,542745.0713851048
17878,673552.2601440736
17879,556513.9362907322
17880,894972.4553258463
17881,319445.0872676106
17882,639914.7739243107
17883,1169585.7223117778
17884,374991.0738315217
17885,456387.0479107363
17886,286226.5078457511
17887,792957.1125407355
17888,217176.82013506832
17889,470364.8528571358
17890,262933.43214079016
17891,496938.39430536417
17892,389418.42909889284
17893,594234.4986495168
17894,920900.208764299
17895,361316.5152388172
17896,303495.0101940565
17897,680255.9072017963
17898,187480.20733790132
17899,531505.5050965828
17900,550361.6217526911
17901,345781.92257611646
17902,646280.4758765646
17903,271802.56809133006
17904,215713.2630661419
17905,760481.6898543313
17906,205680.8486773692
17907,430907.7395716289
17908,273333.65828544955
17909,499376.0197686612
17910,723361.894599596
17911,434338.2642608295
17912,283230.6487685638
17913,290526.8962086551
17914,453650.06637051003
17915,1006310.6785867668
17916,492766.7107732342
17917,555322.323451596
17918,433932.506623186
17919,471589.5211674842
17920,742103.709554151
17921,578165.4670641711
17922,325704.206707039
17923,191213.6029701985
17924,562558.6473553309
17925,252236.3719805559
17926,260630.81513188352
17927,246317.9729340061
17928,465479.90348484257
17929,334499.57751732494
17930,279227.761170569
17931,478829.9903955605
17932,283463.4573663915
17933,765203.7772147962
17934,701759.5737678842
17935,327009.78487146413
17936,958299.6970456844
17937,525436.5463610018
17938,433603.2909131956
17939,678435.0011383432
17940,249510.9974557344
17941,193155.71608017388
17942,255864.56078383178
17943,210156.74441054856
17944,645802.333106902
17945,342048.75618251297
17946,655744.1874984242
17947,288680.50716370146
17948,689140.4905472742
17949,866154.2184832662
17950,450633.9640561343
17951,362272.389011911
17952,351590.3069568576
17953,499141.6067666994
17954,312986.70863612613
17955,255011.068794451
17956,514379.33033857995
17957,230236.091460393
17958,454059.9252496723
17959,792622.8153526465
17960,486737.6061424281
17961,915143.2466639541
17962,239598.48452024953
17963,530327.1790299887
17964,682611.9634752342
17965,437320.2459222271
17966,436398.1225932768
17967,662302.9851097687
17968,486603.7454509739
17969,490149.1122062511
17970,499470.36261497217
17971,426504.474080866
17972,491760.0405921837
17973,346536.5185307991
17974,825908.8995536277
17975,194337.95573761224
17976,220359.28917187438
17977,227517.2930216607
17978,761181.431094057
17979,765280.7381038895
17980,606170.7871482909
17981,618592.5552393311
17982,688403.8489278607
17983,527088.9122482846
17984,187510.25548592198
17985,505257.1779243727
17986,407572.3138661158
17987,487412.5841044162
17988,444650.8341524291
17989,252344.34191593487
17990,598120.1297053774
17991,525209.702622885
17992,391791.3672613987
17993,459160.7932831722
17994,265903.49757121305
17995,356704.0750032222
17996,572828.767133131
17997,544205.4232432729
17998,635887.7284202548
17999,326227.69309221616
18000,536160.4294777963
18001,514408.20932073414
18002,713435.0517733046
18003,587376.4016345342
18004,990663.7426716004
18005,553620.3906648962
18006,278798.9859750985
18007,367624.93030349776
18008,577581.4303489879
18009,1309495.4148036751
18010,751810.805135736
18011,684641.0125537427
18012,399168.94767846225
18013,404009.86966348346
18014,481027.7181025857
18015,633004.976274275
18016,599275.558939219
18017,789277.8736296484
18018,458431.69870644505
18019,284879.7997626201
18020,271662.9706208517
18021,264735.24721996486
18022,542394.479062245
18023,319425.6818113439
18024,341604.7129888744
18025,222099.6254505932
18026,610418.2132268
18027,333267.67183315335
18028,807081.545249963
18029,525893.6647998502
18030,517094.55135569116
18031,363149.32399948343
18032,372819.75300527207
18033,770800.5381280045
18034,894218.442809533
18035,231915.2473165049
18036,405092.174575889
18037,468590.5543372511
18038,400595.13554380846
18039,811594.0120264393
18040,751733.9306534153
18041,1043847.4701137041
18042,335547.59145263425
18043,686904.5448608652
18044,317380.832532936
18045,328796.10862640274
18046,492190.9492609433
18047,248974.0966772736
18048,265664.71540998196
18049,454235.61345855216
18050,518776.1857066704
18051,622656.7502124354
18052,157317.4436105807
18053,454845.22989180224
18054,449986.8672597977
18055,677031.4130363697
18056,299512.8770304475
18057,1029963.1093156089
18058,515991.97813141916
18059,189672.50933281513
18060,251386.72726984203
18061,326178.67844218947
18062,247464.01418760407
18063,839626.126306255
18064,768707.8583630602
18065,308568.49937299005
18066,271806.25173025345
18067,1197132.7523263313
18068,233057.8263931738
18069,171975.81462707467
18070,297158.1761291346
18071,695959.8206305378
18072,1043486.5974938188
18073,427278.84890970215
18074,575564.7594487851
18075,377331.6947430812
18076,541194.7362416051
18077,211866.53791868134
18078,403846.14379368065
18079,335728.9199471036
18080,428019.2377789568
18081,334428.0720881688
18082,338885.5842099556
18083,579535.7892314632
18084,328635.92136363586
18085,382587.5505829421
18086,438348.9926331891
18087,698955.7223167772
18088,343008.4262522167
18089,400596.71042195655
18090,236429.21465155366
18091,929629.6827673779
18092,338835.20070084586
18093,561866.0716950402
18094,505965.1869886142
18095,302757.1095912571
18096,516200.7460692236
18097,963236.1043678469
18098,457043.067007347
18099,370948.0982392921
18100,537612.0371290448
18101,253103.53239725277
18102,531348.0965818705
18103,648568.0353584401
18104,384251.3840345935
18105,787682.4397343685
18106,674867.8349839599
18107,709681.7557243347
18108,276946.04391437874
18109,940744.2788984737
18110,1248867.2736020708
18111,251795.19037719473
18112,368744.70984711597
18113,521447.5201528869
18114,265226.38689126394
18115,529895.9103818578
18116,791553.2379052279
18117,693710.8582879077
18118,417200.59358678205
18119,1052131.3317664769
18120,259900.72582869054
18121,312147.7038431127
18122,633023.7628366651
18123,317857.77397306776
18124,424125.4711547219
18125,240016.1658307
18126,361326.8085611289
18127,468776.87316575204
18128,649176.5443121468
18129,270799.1223810676
18130,489859.1516938689
18131,431177.21189563314
18132,250717.16272591948
18133,303419.82211629814
18134,443505.9446264577
18135,166317.9453205127
18136,270282.45893208793
18137,966918.2750177237
18138,314186.6724978094
18139,494134.21729104366
18140,794065.7560181902
18141,463187.9065141666
18142,224020.44304170346
18143,806071.4183087903
18144,312834.86325802805
18145,434843.5341842362
18146,211309.897586072
18147,194146.1430215439
18148,236013.3636830494
18149,642607.5310174982
18150,193967.0370609746
18151,457997.9015237637
18152,1046447.7847556283
18153,271335.02698795433
18154,704326.8196303424
18155,181547.78872293004
18156,357255.568205026
18157,544310.7548898372
18158,366778.6475113336
18159,291411.8042942344
18160,613090.2541953915
18161,333875.07385970734
18162,250260.62937907624
18163,394972.1781370818
18164,353249.4367224659
18165,390306.3390801771
18166,841542.8241449974
18167,470625.3831465351
18168,405638.06110303063
18169,278282.86107108044
18170,389291.9381993757
18171,678338.1510922771
18172,290393.35531111626
18173,401070.00897756603
18174,472919.33630917687
18175,768093.0912560589
18176,762525.1510817232
18177,240747.9672957685
18178,489304.9786718143
18179,437254.2672550437
18180,337334.3004121753
18181,258799.4058678645
18182,245320.43250782753
18183,595814.9976056867
18184,270435.72878010146
18185,984780.2325684777
18186,289496.0234117124
18187,598933.8774219912
18188,1210463.6371725176
18189,415167.3809300721
18190,327686.1262465761
18191,1191810.7837533485
18192,377930.1562477602
18193,324807.97188294993
18194,479732.44086780853
18195,510640.25588977145
18196,779550.9473277673
18197,409902.37556475477
18198,534488.9581548369
18199,553423.7687598204
18200,725059.8069933618
18201,407978.9970092957
18202,988503.2945791029
18203,186276.3199549892
18204,216855.77594560332
18205,283417.71551478765
18206,397574.72310264246
18207,415688.71371042693
18208,363401.0668952975
18209,703676.3690708848
18210,197782.63980275535
18211,304445.800743121
18212,481557.7754982386
18213,291768.39903570566
18214,438567.4095114225
18215,410750.2379064259
18216,579909.1241400074
18217,348464.8144490879
18218,400491.353842108
18219,698284.9842744606
18220,137811.89398296076
18221,371843.44883950014
18222,589625.2086666811
18223,244276.26625340682
18224,292286.9101370079
18225,438904.794737628
18226,195447.58782186423
18227,296674.72451349924
18228,512566.4180344848
18229,838950.6644979818
18230,449101.760498931
18231,966937.0900247328
18232,422972.4585439264
18233,202098.83426303483
18234,521934.3396593984
18235,362900.68272534426
18236,821059.7016621697
18237,435280.23371172877
18238,621602.1506630932
18239,477877.6792098211
18240,648729.521652599
18241,790709.1387600376
18242,907944.3121308293
18243,691772.9488730938
18244,486987.53618994035
18245,231926.3498328961
18246,509027.8794575783
18247,562127.6273211518
18248,552760.1987180256
18249,590299.084417317
18250,602338.5402171297
18251,354066.314680211
18252,1395764.5678890652
18253,481729.9575772311
18254,202509.29527831465
18255,645931.1133662078
18256,256841.09404175976
18257,769536.6846036551
18258,222714.56767730298
18259,613454.6589475211
18260,454989.69413526653
18261,592518.4279272966
18262,315917.00433742977
18263,532341.1851899251
18264,408740.5985365918
18265,393269.7188494875
18266,414596.4172615639
18267,270206.4125375753
18268,165392.16916811775
18269,438583.39017284766
18270,237570.32771560553
18271,435766.78680690785
18272,483560.86254476424
18273,312012.5462691501
18274,436220.1943742026
18275,723696.3939328346
18276,206567.27642659153
18277,466193.40062127955
18278,478183.97448911757
18279,423183.4333266137
18280,1266932.520118354
18281,157345.6592081044
18282,1629992.2260873287
18283,690844.2976757586
18284,287821.3076479109
18285,747892.3222104114
18286,310819.8684354855
18287,446136.4257731991
18288,302202.20349245635
18289,823972.5751303926
18290,364814.2639620682
18291,397529.1331977813
18292,577956.5314725701
18293,875316.2632904112
18294,388151.58168484387
18295,1428411.7362012072
18296,1170078.9418056118
18297,275758.77532752114
18298,789566.9720341935
18299,356144.8750141568
18300,532341.9130870148
18301,364324.7118871108
18302,285336.51318208297
18303,465587.301984029
18304,350258.2341919368
18305,432616.01517339464
18306,409395.49436641624
18307,225958.82421123926
18308,878845.1596323005
18309,582644.6410576362
18310,1214010.8870908709
18311,322377.01267764706
18312,564638.2943775854
18313,751027.2116343575
18314,318681.8230794758
18315,1129070.800994582
18316,563305.7767778207
18317,375885.5040693789
18318,325181.5589954412
18319,351784.80948753504
18320,358185.3367754913
18321,399416.0974531613
18322,375387.528985971
18323,778678.6037414722
18324,330110.2627447097
18325,485769.1605563818
18326,426227.3880160311
18327,317313.13149979373
18328,479772.9296942065
18329,345304.29942052363
18330,364462.761363435
18331,314391.1706571147
18332,758054.1500111585
18333,214940.16002677428
18334,830927.5423994794
18335,320002.4104468506
18336,418966.2755935161
18337,425940.19012887724
18338,285645.05598370533
18339,238262.90465653813
18340,269688.14938886726
18341,522853.9138825965
18342,207876.5732377445
18343,522875.45792369876
18344,387159.081438901
18345,400571.4569505237
18346,424633.9573655259
18347,229159.86304574038
18348,251299.5432444432
18349,690322.9163329046
18350,393324.75466111774
18351,595439.9297213762
18352,266819.0335115498
18353,337081.31590243825
18354,558971.3185915577
18355,670550.9182233898
18356,217079.7817897407
18357,342624.96263280156
18358,581788.4226882055
18359,273485.23583907116
18360,233273.8402160673
18361,952803.944488685
18362,376597.69582711294
18363,609988.1108148996
18364,342034.14517559024
18365,394191.0977084324
18366,277207.19962570776
18367,389181.79397306097
18368,659449.6616063485
18369,429304.9444332365
18370,569360.7705736236
18371,279973.3330318474
18372,251877.64305385936
18373,526529.160934033
18374,409024.56376789475
18375,1371619.2545061128
18376,424912.3864085025
18377,816479.3466117639
18378,1236052.1577427825
18379,577397.7396535561
18380,319950.0887004345
18381,270569.70874310704
18382,280172.20661346876
18383,586540.436488538
18384,293402.7803232099
18385,230966.26189680095
18386,449354.146007261
18387,197858.60259278072
18388,2247323.14578407
18389,959169.1403436263
18390,254052.76669787176
18391,486292.06840256683
18392,663385.7743909061
18393,486794.8545440222
18394,505413.50421812775
18395,2102293.084718784
18396,761483.1966002678
18397,206583.22377570107
18398,234213.89118467434
18399,667845.2861695613
18400,973758.0361730942
18401,300757.1108762969
18402,726062.2235992058
18403,543267.654402181
18404,236720.03025848372
18405,524396.1672614515
18406,692232.9325244376
18407,611294.5533840918
18408,631211.4362471015
18409,593064.1599984304
18410,1108018.557728015
18411,266420.19700184517
18412,556134.7383569614
18413,248728.56682525287
18414,266272.93414553953
18415,244142.5498885221
18416,762452.8638881794
18417,298650.74813711253
18418,410850.82264525123
18419,474209.2048742739
18420,694921.7014023121
18421,707834.6672735389
18422,241206.57344013688
18423,257538.37630549748
18424,338585.0590151156
18425,272636.40013219573
18426,1280231.307958927
18427,303139.9519775674
18428,835792.706546245
18429,3213108.4194984348
18430,593812.3274612525
18431,462134.66968232364
18432,283883.0668726437
18433,524302.6922056536
18434,451342.07914766186
18435,272243.45236760564
18436,790796.0185299873
18437,245263.4747541158
18438,575629.5737757183
18439,890449.9668940749
18440,342341.82456618804
18441,654155.8462876845
18442,1865329.0490016092
18443,245640.49895029288
18444,646365.2753154299
18445,534217.64325858
18446,260079.2766574559
18447,528645.3861796673
18448,384036.54537337495
18449,916441.2593554398
18450,889854.633465912
18451,486379.455234947
18452,439616.0546080521
18453,628946.4849305229
18454,899214.691767669
18455,272934.9852722002
18456,659456.1145419297
18457,1202794.955368148
18458,808578.8911266543
18459,582338.3703130184
18460,472087.0190035492
18461,271673.11355232255
18462,1000156.80017055
18463,670361.0336088373
18464,702131.0914353569
18465,931888.911865107
18466,464193.9673522674
18467,769340.5039286035
18468,249144.26441040568
18469,482175.0431549101
18470,726533.6624499154
18471,442439.7627001501
18472,237799.6236893261
18473,331690.4378156144
18474,332724.3164095765
18475,256462.84118516024
18476,437138.4202899111
18477,453890.7357764267
18478,434841.21720123425
18479,185157.3884719364
18480,265510.7268585261
18481,400266.48905039555
18482,340730.82093427057
18483,579207.8838383993
18484,571784.5526930148
18485,391098.46221751167
18486,1089232.403510193
18487,895757.6431298564
18488,911363.4315341286
18489,553133.551284555
18490,252851.76068969135
18491,429553.235572525
18492,204683.64564862373
18493,437288.68353881536
18494,363942.50552627246
18495,389835.972353884
18496,482629.09607823374
18497,938829.8911526643
18498,670354.1354831571
18499,453466.41189680115
18500,206942.74489925554
18501,273833.47612735914
18502,573965.3984595079
18503,223806.77498763832
18504,540483.6834612603
18505,334249.23114021664
18506,722382.9715562637
18507,357495.7125647402
18508,361215.01174351806
18509,1017553.3348605601
18510,272085.17143848585
18511,405096.25836852787
18512,253553.0061566728
18513,794034.974922292
18514,246348.381388819
18515,489346.8381032845
18516,544497.2552759208
18517,224709.74852157064
18518,581089.9620061554
18519,308159.6920801607
18520,280945.3041007624
18521,762139.5491465278
18522,692876.6660969815
18523,226735.70918560415
18524,297359.3274895989
18525,398309.69133018644
18526,649678.5475317037
18527,574957.748010582
18528,295298.92857864115
18529,399007.0126524247
18530,643145.3170578347
18531,510332.73592834576
18532,758188.9413143866
18533,567478.4333092143
18534,472801.710294218
18535,1415441.1329416253
18536,391273.7583285929
18537,276984.8773240971
18538,939365.5793705968
18539,377400.87955350656
18540,289405.98377997015
18541,300302.45452627295
18542,309446.4014355739
18543,1223617.8327094468
18544,372647.77108162415
18545,383664.6626112615
18546,275319.24433669425
18547,200433.69994805355
18548,441813.9389534741
18549,483795.5920933542
18550,644063.798880455
18551,327806.82171882765
18552,319956.6048332532
18553,376808.2332019421
18554,1431466.3986555568
18555,657131.1051868526
18556,476656.03677898174
18557,283551.24007807556
18558,702406.631508503
18559,467037.43945077126
18560,456815.7217927781
18561,510888.05955049914
18562,331673.1901430139
18563,211808.13120481974
18564,351397.81575042487
18565,1698048.2598123958
18566,278220.4569171679
18567,298687.6048946453
18568,347648.4148532792
18569,424830.10281852074
18570,400600.1466386012
18571,645069.4314947118
18572,418503.1646368872
18573,420591.09833172633
18574,378544.0490208817
18575,251977.45406994686
18576,254254.65351110723
18577,414996.83991678624
18578,582202.1918097876
18579,1341953.1558750342
18580,243546.21076085218
18581,225855.3199133369
18582,1069116.8013871703
18583,387137.87835791626
18584,2045278.0722571353
18585,388443.2233766436
18586,608984.1963906063
18587,268009.8793042387
18588,566166.8113780117
18589,716987.3645490325
18590,800525.3767663128
18591,636058.6568615901
18592,323791.11411841516
18593,460709.8541112109
18594,462640.30494700785
18595,315933.67650443484
18596,820364.5741873506
18597,382558.0961824406
18598,356666.36259577074
18599,436918.6156328232
18600,1052055.455088734
18601,710215.963817321
18602,244591.0777826559
18603,407310.99137103284
18604,518593.15781856497
18605,1086117.9330318684
18606,402869.1055371528
18607,305206.79532240465
18608,577336.1924299954
18609,309167.8098188401
18610,266899.36376374954
18611,464121.6383373714
18612,375577.85589877446
18613,322825.149676733
18614,441576.29854173085
18615,192711.58343354563
18616,623530.0716693981
18617,589242.829655394
18618,346783.8623988765
18619,335900.73452828644
18620,482614.8583536401
18621,315064.8639022419
18622,461130.658451039
18623,234680.3541040095
18624,1023425.6553138961
18625,336096.5765808776
18626,563954.2102038615
18627,332612.9218384504
18628,389661.93724445056
18629,302213.2501037867
18630,274119.7408470129
18631,351967.10836670356
18632,313283.0731942506
18633,486288.3230210298
18634,442148.23636527994
18635,187037.7661121955
18636,431141.3346535503
18637,259459.12913684893
18638,251694.41800774023
18639,577126.6853130233
18640,410070.28756399336
18641,617239.7823502388
18642,574775.3649043116
18643,1051530.9273704349
18644,740985.8696982967
18645,432677.97952010925
18646,197288.56280392985
18647,196884.7454761827
18648,910214.3630207556
18649,888683.8150064606
18650,379427.0543152129
18651,407323.9261763292
18652,555699.7265257824
18653,308298.7786638571
18654,406927.3541206644
18655,370842.60974064446
18656,365126.34251094615
18657,323359.23282754514
18658,1835738.270476644
18659,615602.6479555013
18660,522731.4389248884
18661,245280.2794965421
18662,299147.60862723563
18663,600349.741592979
18664,214896.4711292985
18665,1484365.8214457184
18666,552861.783538477
18667,260316.63487769468
18668,224160.66443488313
18669,611358.4602846542
18670,344189.5568439975
18671,254598.33834282428
18672,527455.0845369746
18673,249871.1267227618
18674,684323.8133636503
18675,420548.9516997776
18676,557908.1654704615
18677,423561.02839728317
18678,502333.0572200249
18679,716770.7084045948
18680,1173228.2856104996
18681,473123.3572321794
18682,212827.55532836722
18683,330356.24038015143
18684,865830.8099546549
18685,543655.6726929365
18686,668967.491655476
18687,583460.877169568
18688,449801.3552825643
18689,265473.6472566077
18690,933197.5600814654
18691,395765.086125113
18692,315444.15703930694
18693,235969.1347322047
18694,298031.7124278071
18695,948687.8206154766
18696,176750.12471425938
18697,352624.28773521906
18698,697674.2143536998
18699,298814.92013908096
18700,190620.08955683766
18701,723204.4110407628
18702,373937.8031048972
18703,1166781.1599989017
18704,867342.9497567662
18705,406190.418321245
18706,354576.43820379506
18707,474141.9305244318
18708,310060.9121161188
18709,243646.33072652642
18710,343607.4780183998
18711,820230.257026889
18712,2469977.239761536
18713,456270.37072180863
18714,259005.86044092526
18715,322152.7614165615
18716,557430.3719773034
18717,710232.8286809438
18718,569781.4474696878
18719,967119.464059758
18720,647351.4890799964
18721,244950.75369732236
18722,304277.3791557384
18723,850911.8403031077
18724,275165.1970976437
18725,300701.5010473743
18726,606026.1071778442
18727,529531.8415639573
18728,263275.5151109872
18729,567933.5209175817
18730,634639.5592320181
18731,763502.5615179236
18732,441398.83083206095
18733,369131.4443855988
18734,942403.7431882883
18735,267803.2473630447
18736,642394.3805459791
18737,185384.71792236934
18738,632068.5193475292
18739,282107.26839879004
18740,390892.4327115848
18741,587354.0766770325
18742,235043.74608256563
18743,756264.9343913514
18744,468166.58369549114
18745,210350.4237289206
18746,273311.9182778985
18747,302981.49878779484
18748,544406.2545797053
18749,1249935.3789385206
18750,340726.8675920607
18751,698868.8367829652
18752,350995.55938576907
18753,837523.2139450525
18754,529743.7157884957
18755,684212.1705219194
18756,853823.0132167819
18757,339349.3621480527
18758,512585.0364419372
18759,271988.8659988093
18760,575745.0185326585
18761,407303.9339697605
18762,811150.4722358478
18763,395487.88749827625
18764,674268.2279792079
18765,794886.8309535788
18766,334354.4018851864
18767,620404.0250371716
18768,1545783.489457553
18769,696554.1726701285
18770,652039.9363811902
18771,978201.3936743018
18772,728566.6109208624
18773,647688.3586034549
18774,1041477.8517115307
18775,311970.45337470394
18776,359654.7451762347
18777,254392.08679714432
18778,244641.3734820028
18779,544541.8528244287
18780,362657.0912333757
18781,447108.0574649286
18782,615863.790439331
18783,422083.0965561203
18784,262936.9116615766
18785,414414.2578968738
18786,482434.4188294892
18787,2196655.7465737113
18788,334202.88056199515
18789,777460.3667886511
18790,365514.60989850556
18791,351312.2541232361
18792,387482.07437809365
18793,275043.28459734644
18794,218941.4946081488
18795,682804.2989368689
18796,424717.35079554585
18797,523523.5298418077
18798,1381171.806658319
18799,234528.171970577
18800,251454.4766411109
18801,446975.35079374455
18802,426613.3255247095
18803,390447.9639835131
18804,445263.0987878177
18805,728242.3432728967
18806,716052.7082206698
18807,274626.88687579334
18808,530375.8562905545
18809,679970.1548719873
18810,277504.1611836002
18811,261347.59960999677
18812,436071.3270035689
18813,458989.82992271904
18814,339947.9856107044
18815,482474.12450079474
18816,302915.0114601528
18817,567522.4864212452
18818,423699.250035054
18819,741730.2552659102
18820,443029.8329106702
18821,352337.26633929403
18822,460401.37279489735
18823,540912.0791022866
18824,474092.44573997054
18825,232026.09505902464
18826,370918.5782446963
18827,322874.5774087457
18828,485168.4177009713
18829,871134.0525964656
18830,525010.6931514118
18831,382806.00834024185
18832,303554.4241148869
18833,497082.366455926
18834,202492.15502301403
18835,643463.5330971088
18836,898075.8921399863
18837,325189.552527356
18838,353272.0769649612
18839,548610.9813721058
18840,433083.2108506032
18841,342392.6622655282
18842,582489.1412344968
18843,439198.2425097294
18844,384257.9100586953
18845,760492.793057807
18846,441789.9950434649
18847,191377.85791988065
18848,650135.4170149394
18849,369049.35641039343
18850,317297.86582603323
18851,702151.5708688131
18852,393828.0185055738
18853,318381.2523187872
18854,683627.8503435196
18855,316091.25658051216
18856,380889.16647326626
18857,295851.0925990976
18858,185218.38761983998
18859,235363.10241768946
18860,387823.936602421
18861,532487.4134607035
18862,454272.742135101
18863,361989.11923383415
18864,183343.1139395841
18865,355699.6088167485
18866,1001664.7315659688
18867,347385.6682158726
18868,516003.72739114595
18869,332378.2383734841
18870,861970.1299903991
18871,419663.79599171807
18872,387287.6565697562
18873,550658.9084852873
18874,564372.4751427929
18875,386779.02621197625
18876,750321.6883547201
18877,471675.6899474233
18878,695880.1164048729
18879,410495.80380020104
18880,382580.00377558754
18881,309291.9334045053
18882,459908.2075345714
18883,312651.3757139065
18884,209056.4392830819
18885,783489.6126344146
18886,357098.217146005
18887,355175.0370920141
18888,238505.7494287477
18889,489689.2913853059
18890,498527.6831851705
18891,231191.38682561612
18892,286985.69367286743
18893,382030.4265866658
18894,524796.5124227455
18895,188071.7900528326
18896,577494.1640574711
18897,315662.3874433111
18898,378544.0579214029
18899,599549.1219280619
18900,302945.7192002299
18901,507470.6683564961
18902,605420.5883565852
18903,360993.7871938955
18904,219536.52724134474
18905,336679.62013198127
18906,1032888.958825478
18907,687791.1965339135
18908,300031.9009539019
18909,288231.1460384162
18910,633629.5804379908
18911,365147.86066423584
18912,680119.5303526128
18913,571587.341629122
18914,850343.9270631949
18915,510483.11926062586
18916,485015.1469223746
18917,393661.31737827323
18918,213270.79488592566
18919,347889.9655244119
18920,249981.8206927151
18921,346775.8700417965
18922,1423660.0683055902
18923,692157.9155495402
18924,736226.8787248378
18925,325565.9208084927
18926,762962.5856473288
18927,829552.1388812002
18928,502064.72787108377
18929,288605.52743877604
18930,1379035.389437044
18931,317193.836075439
18932,697988.8566476337
18933,511795.0432697515
18934,766528.1203664405
18935,798512.266030219
18936,363309.463705346
18937,574920.7136808864
18938,298827.78909153445
18939,764243.7595854962
18940,216203.4977741899
18941,454860.71260920935
18942,289798.43822649354
18943,266094.3958112918
18944,619330.5021417068
18945,242334.40949179282
18946,473908.2450770003
18947,594853.9429270695
18948,225753.69992112482
18949,248416.52681000606
18950,1878783.6960551064
18951,335735.33724158886
18952,244534.54647867565
18953,628773.7484390159
18954,466341.09820126276
18955,734512.3918705315
18956,550380.9601333659
18957,652615.1712761871
18958,375125.5747358824
18959,574943.5110710063
18960,672847.0094306401
18961,289846.38220803643
18962,554171.5811634752
18963,328279.97115311504
18964,549627.4768033549
18965,941661.2284657323
18966,439915.9260290806
18967,974044.491064028
18968,673678.4413839894
18969,272258.1929957497
18970,438931.4552394903
18971,306813.57029102196
18972,276248.9612507016
18973,513504.82840041275
18974,327410.1125342455
18975,744754.2807138616
18976,284042.56842361717
18977,434089.7801456314
18978,454627.34670662537
18979,222008.75663855032
18980,264352.6271577407
18981,999605.3151203899
18982,393229.09329861065
18983,253913.60563135278
18984,801104.7114517482
18985,332130.60111636575
18986,580950.5280257103
18987,811193.2817116843
18988,318129.7236497658
18989,221001.6957832099
18990,566680.6018231534
18991,1122677.9045364067
18992,264223.32520625164
18993,424179.5081812497
18994,311515.7979648131
18995,331819.3943383638
18996,778593.8632257762
18997,307771.30448827415
18998,339194.09251985466
18999,507309.9305305038
19000,326349.83411827736
19001,319910.15326703066
19002,296255.27579394024
19003,1131550.2367992883
19004,303171.8990010781
19005,884981.5738962023
19006,1266261.6230427779
19007,515893.59390850243
19008,624914.5578719449
19009,229309.63525023498
19010,198484.48904989468
19011,510608.83624659246
19012,587951.099744762
19013,583927.3745683288
19014,617770.4803604332
19015,221123.4915765911
19016,613682.6689037005
19017,469064.80297237413
19018,1974907.4583124972
19019,554474.5231838424
19020,728604.2495934407
19021,682320.9911659744
19022,2711042.536652028
19023,373832.4787439246
19024,399584.4214266394
19025,375816.17990583985
19026,459846.3755355508
19027,501159.93033357087
19028,723941.8761239212
19029,526718.4553857349
19030,780000.1216511094
19031,212634.49128710752
19032,255127.01080474857
19033,452709.9915991602
19034,341776.2187090483
19035,331207.08230612
19036,446263.1990927373
19037,817965.0818496348
19038,501846.37563612906
19039,769149.4101493743
19040,616904.1322156315
19041,592683.0750607173
19042,421373.4144798348
19043,609792.447489017
19044,811411.3866787746
19045,479628.05625414127
19046,399751.95127431746
19047,417194.6123398666
19048,1457697.131543917
19049,589194.3014650433
19050,534923.6584002312
19051,249098.40985978054
19052,177431.34928479203
19053,438054.1371001264
19054,809964.1886773763
19055,331008.0946496279
19056,218538.51186021935
19057,266851.16138708947
19058,595482.2276494851
19059,489368.4689710883
19060,204661.35426893906
19061,348266.2309338656
19062,311754.3768607281
19063,311151.57443614514
19064,307150.91870887805
19065,1730261.5364319673
19066,258040.4163326365
19067,370098.75973223534
19068,838709.4571976977
19069,549504.5098669346
19070,303622.11774940474
19071,631428.0059424869
19072,344293.8509477397
19073,238943.5491903644
19074,744869.2109017732
19075,320036.917697579
19076,280321.0841600291
19077,666536.4051536298
19078,542944.456741976
19079,310970.39143205294
19080,399133.3364281932
19081,250955.37995614237
19082,947579.9648926131
19083,342204.57030164916
19084,532623.4699278583
19085,599263.4511514631
19086,487940.5190641362
19087,384210.85904799635
19088,226851.19709075513
19089,255985.3358091064
19090,785298.2361493557
19091,489650.39865039603
19092,319875.64161291864
19093,633507.2843987382
19094,360656.13711928565
19095,329644.0633539759
19096,450968.826597081
19097,787734.8439857087
19098,508593.29167006566
19099,409544.88491157437
19100,325851.45352651796
19101,279289.3556296734
19102,251856.750767941
19103,201685.11979803944
19104,478964.95298196597
19105,289234.1522988289
19106,733533.0939364982
19107,507336.8405168367
19108,442427.0592338166
19109,262605.42991394334
19110,457416.8838383271
19111,664969.2294619544
19112,209472.35404572045
19113,1428274.822582297
19114,337010.7837890891
19115,826722.8621344378
19116,224630.31964775824
19117,722626.1323181938
19118,401878.6294840043
19119,1087725.4669518445
19120,303209.23783061764
19121,251696.5467031508
19122,655843.9882657018
19123,1161106.1608099286
19124,294048.6471432578
19125,395789.61063360405
19126,306935.1250169478
19127,841165.5690952777
19128,412853.91136468895
19129,975154.2918164873
19130,312055.4928199797
19131,372156.8625482328
19132,446837.1767891285
19133,561342.6568942914
19134,584847.1153717862
19135,547569.0153453605
19136,155680.29412044853
19137,884734.8774402946
19138,340253.7699368452
19139,486641.25104540307
19140,290153.8778848907
19141,249851.24398061208
19142,289351.03241765895
19143,375234.833036445
19144,487606.449442045
19145,547452.121661304
19146,680608.5345170834
19147,573651.1094172042
19148,639875.8924755144
19149,369133.3597021568
19150,217880.27731725996
19151,520684.1583408453
19152,499629.9103465486
19153,540297.7519047285
19154,247152.04872849977
19155,561260.8513813172
19156,311052.4784711497
19157,437540.89461458416
19158,580354.0421534567
19159,468613.06524522044
19160,300369.4828192469
19161,304958.5585627913
19162,655672.5668843337
19163,702909.516707336
19164,437118.83082585223
19165,332441.79481848277
19166,235027.4604966478
19167,709836.3407084672
19168,330243.5149583314
19169,674858.8737673721
19170,506542.5378763536
19171,274230.86947690346
19172,622330.5386817169
19173,700517.57425344
19174,459513.6786658163
19175,581073.4887088545
19176,187385.7692110433
19177,478110.45632375416
19178,484505.0223790499
19179,406311.0947312655
19180,703711.844723772
19181,681154.7260851664
19182,506823.268145131
19183,353901.3772128966
19184,610057.8095895542
19185,602427.1200192776
19186,310445.41608635074
19187,229042.04673760102
19188,503605.0152939552
19189,233702.67490458218
19190,1087441.5153827858
19191,815065.3915314594
19192,373010.05407978117
19193,469947.58157912554
19194,809599.269235954
19195,497367.2984740032
19196,500916.6135848693
19197,2337089.810652865
19198,265717.396027242
19199,368118.24077817803
19200,313543.54944873217
19201,870848.2523226751
19202,416799.9193727979
19203,1003744.3424875122
19204,322096.60026337544
19205,172404.71058174418
19206,620971.9983874562
19207,612247.2915050497
19208,194259.44388343111
19209,151470.90588971655
19210,341349.14682842494
19211,230920.54198074262
19212,452970.59428753494
19213,218505.4120436312
19214,494087.21518126223
19215,395470.08679407294
19216,392640.18428823265
19217,1950040.6530602707
19218,690293.606869746
19219,298112.5360602981
19220,690774.9835468315
19221,436271.24083938834
19222,2269624.223512744
19223,427897.4643558896
19224,372182.3153826895
19225,662564.6544937177
19226,276913.64679884515
19227,306156.5989836561
19228,373405.5061084118
19229,432131.93445154396
19230,431066.5507432559
19231,743152.0835654078
19232,874174.5384955491
19233,531741.2075691592
19234,676805.9638369451
19235,674747.9312289701
19236,494022.83834463346
19237,696729.5074378572
19238,285805.76962707064
19239,913316.0483693895
19240,286553.7859809878
19241,694291.2400802572
19242,314815.12288106786
19243,289819.1727347855
19244,692313.661802016
19245,574171.3568797575
19246,626083.3191724098
19247,311256.25843240006
19248,651006.3385955311
19249,1007241.3980545802
19250,276925.6151632878
19251,280135.78286901576
19252,533449.2470876477
19253,216492.1040456344
19254,391917.8683743407
19255,428673.0184007794
19256,264941.10306796985
19257,197688.8524784656
19258,664154.6205040653
19259,2256391.8554023667
19260,572096.3680744246
19261,659424.9152418821
19262,1317883.0964292523
19263,483688.5456477389
19264,240030.67889703534
19265,706641.7541189301
19266,666673.6182667529
19267,353034.055947767
19268,661799.0004218388
19269,758747.6944047987
19270,407631.0096068448
19271,251935.34199922616
19272,331113.09068088816
19273,274761.42217677855
19274,659537.2656535085
19275,470643.82620820403
19276,448621.56278700155
19277,289291.561595324
19278,243348.68898339773
19279,1214789.2381610272
19280,399144.69986314536
19281,317324.51404296723
19282,368884.34803463815
19283,611904.107464068
19284,494235.62810962467
19285,382952.77214787103
19286,362318.11706767575
19287,602277.8252390635
19288,638720.6150029752
19289,237254.41803465734
19290,564696.2614725695
19291,545096.1612808104
19292,782699.5765194038
19293,543719.9901154645
19294,514296.8057068453
19295,278074.9508533796
19296,835212.3197857023
19297,1168410.0015076064
19298,390351.4749032805
19299,678784.7816740421
19300,527820.9227524255
19301,355047.34160620684
19302,201572.01731003946
19303,445790.1119114647
19304,344024.74430991476
19305,974032.5842416266
19306,289559.78401826764
19307,538796.5301467616
19308,475538.4242790908
19309,434936.8774231607
19310,1573796.2779231095
19311,205841.47104366333
19312,169157.74143440177
19313,813677.6485369402
19314,347569.30925076
19315,1057489.9063720636
19316,465108.2442128217
19317,574846.2400768896
19318,227103.4808499128
19319,229255.82547254008
19320,455892.71297961514
19321,418058.1146165686
19322,276444.6728104809
19323,198682.37062899792
19324,158708.71360032476
19325,428410.6495482531
19326,413188.25120794866
19327,538058.4850812482
19328,564166.3614913434
19329,642615.6427142279
19330,374319.7576117033
19331,201904.9262813013
19332,650998.9391925286
19333,321572.60274690104
19334,376720.0778159068
19335,300123.1591845217
19336,235278.74209277454
19337,407949.4044602442
19338,476443.5357544745
19339,437028.47884834727
19340,298049.39092595497
19341,244286.61696128134
19342,376192.9861466139
19343,1543764.1142139637
19344,259167.2679364119
19345,254999.58714083894
19346,414647.1691871946
19347,375941.30545293674
19348,339233.7174028164
19349,399402.2745522889
19350,255008.34931029048
19351,752313.0835817856
19352,477580.1816097341
19353,372864.62762777944
19354,290867.3024769128
19355,535120.0925550278
19356,311999.4325242909
19357,1294250.9773703679
19358,449769.9402631046
19359,356039.9162996279
19360,360350.6247809068
19361,181832.86437045594
19362,208712.19814295584
19363,589506.2879842957
19364,689742.5707362659
19365,457737.817939299
19366,427432.96876648994
19367,596714.0431140097
19368,276115.62618350843
19369,842910.7376772343
19370,339933.0550380424
19371,255248.6569683091
19372,429853.58653389395
19373,561696.93054374
19374,252968.0897868012
19375,324055.1803914289
19376,578718.8107672943
19377,517859.3629517699
19378,513151.73384078534
19379,461621.7002739041
19380,675396.6530762988
19381,667370.4656149915
19382,279129.5172106223
19383,1149383.7402008427
19384,274156.5395523588
19385,491088.3015379685
19386,418953.39247046
19387,229804.52022979563
19388,637872.4097426964
19389,496656.23994174483
19390,299627.8556551922
19391,980576.3536324481
19392,291630.6364784991
19393,476047.9254453369
19394,887348.1274379097
19395,227091.20017304562
19396,346144.4987754885
19397,271631.108583203
19398,603527.2118257487
19399,325972.17724876484
19400,414690.6371390115
19401,286325.6622356181
19402,276939.20171834686
19403,650564.6622304536
19404,392034.25655949995
19405,738467.3441003928
19406,323357.69503052597
19407,664098.6738204142
19408,357503.6450871496
19409,232956.4620784324
19410,214625.49839305194
19411,282855.0242946937
19412,647777.1138488604
19413,349892.2722713619
19414,302109.80595694
19415,130007.81076231916
19416,835521.7245891106
19417,186089.07822513647
19418,349400.5020996475
19419,404868.80733019917
19420,249124.96549672453
19421,372471.7295560501
19422,268123.3842907703
19423,242743.74801132028
19424,679943.1854829477
19425,532412.5935369628
19426,346754.686742361
19427,776609.3770266885
19428,631356.4421466187
19429,218905.033834785
19430,311748.6165716771
19431,992463.2128249317
19432,526438.6474111887
19433,290536.04825246317
19434,364793.80573861825
19435,455186.01295735023
19436,319038.5685525099
19437,422076.78972921637
19438,1087502.812609573
19439,447563.9088254755
19440,278318.13395058067
19441,274536.8928147817
19442,947647.0870610346
19443,554754.7166728576
19444,439273.84394357447
19445,871843.0545769156
19446,543818.8605188407
19447,335349.89294923807
19448,1021748.7452924419
19449,297587.2897696749
19450,1344387.6855066046
19451,338695.9021804263
19452,263460.03874486475
19453,471137.95631491527
19454,394059.79931211827
19455,921376.4699688926
19456,583767.3126487519
19457,485128.4191317846
19458,227509.94747299873
19459,523668.39768231305
19460,254559.2939593364
19461,1267360.9147696083
19462,295999.98020274524
19463,450947.6221997501
19464,446361.6480337081
19465,622059.9359701112
19466,408751.42144639295
19467,395883.6760678696
19468,1241585.936438801
19469,565669.0719650913
19470,273978.2382751073
19471,521222.31997162214
19472,367580.47070995765
19473,412046.0659674884
19474,499068.0902389679
19475,383925.1220759795
19476,1535293.5687496343
19477,705549.8025550462
19478,325042.6419137458
19479,710849.368155823
19480,932891.3860378467
19481,948293.7304195396
19482,400752.09380512923
19483,527655.8241471513
19484,880873.0831901161
19485,650486.956761615
19486,548843.9436244906
19487,455903.7459946798
19488,267810.07345383026
19489,396214.6671496744
19490,241098.70024361686
19491,657700.8449723169
19492,413007.3000417233
19493,595659.8150355204
19494,263504.2488708406
19495,1131378.9052229014
19496,253619.91737570416
19497,607977.7891631328
19498,282953.8480641543
19499,345383.0182894552
19500,254378.32620102266
19501,906683.441787071
19502,487586.6467273341
19503,213109.06446971267
19504,515200.65852769196
19505,1246105.308637137
19506,279649.5037822306
19507,1646500.4575531913
19508,571166.5237461093
19509,561379.884460455
19510,952545.9290890949
19511,790805.7333922279
19512,394414.02678540314
19513,561383.3006553086
19514,611904.9318277229
19515,275012.4428739421
19516,1032131.838558388
19517,442746.1674932518
19518,559618.3088080662
19519,428253.0321096221
19520,518996.16974883043
19521,950607.5430769899
19522,525430.0410298278
19523,409921.7718688678
19524,515802.9809799412
19525,438552.6620978457
19526,296153.44091933826
19527,472181.31819307676
19528,665386.5601511075
19529,631069.5329993109
19530,381880.96755109285
19531,347409.7035652246
19532,610401.5540602991
19533,289813.1149278683
19534,235703.65570979996
19535,1770039.100378298
19536,935483.1370787685
19537,672512.0806827721
19538,503979.8150861946
19539,341879.8602593056
19540,433312.0887412845
19541,221121.40039852166
19542,597445.890789706
19543,590565.3016777535
19544,804586.5807518567
19545,1628254.1906071608
19546,186775.7222185231
19547,1015353.9772290145
19548,383739.7357063861
19549,558106.9736742661
19550,1247883.028744314
19551,994022.1895099564
19552,1086435.3757858898
19553,420200.9948059826
19554,273908.9746952845
19555,1057104.020485288
19556,1255331.9481315159
19557,2168554.8205203637
19558,382290.5873490235
19559,638701.4279069785
19560,387167.2401039959
19561,411742.31946332223
19562,459960.1017640674
19563,834562.2015863655
19564,470171.367781904
19565,842040.012967084
19566,298502.7381683488
19567,326514.87081932917
19568,723321.8584648635
19569,272490.785481092
19570,311636.98766626645
19571,294904.4575009405
19572,201939.7550552032
19573,591287.0361663669
19574,253197.42241490158
19575,555483.6946995643
19576,615877.2880416807
19577,659364.7135584006
19578,1129921.705426663
19579,516195.3183299653
19580,500267.82687575155
19581,810617.3479250674
19582,327209.2657039732
19583,270879.805912735
19584,1585323.4096498052
19585,886652.7140404206
19586,956549.9657768084
19587,839564.838613959
19588,386963.1168319812
19589,212781.49817008324
19590,861810.3525689418
19591,702631.8336567318
19592,939071.2533822907
19593,1101420.0583487446
19594,363265.1673512607
19595,318012.25033969374
19596,567871.8522134746
19597,378690.1789793289
19598,735203.0342552543
19599,403049.05446414504
19600,322215.5482983261
19601,536563.6844901947
19602,251731.21058844222
19603,316106.1629277193
19604,848019.7047522849
19605,991649.8741369819
19606,348375.415531719
19607,277981.29907603096
19608,318093.13948895887
19609,1018996.5944709847
19610,1051068.451219553
19611,582653.7241726847
19612,555101.1124211977
19613,227749.46337281994
19614,268677.1007032991
19615,218312.95701034155
19616,530637.5930857925
19617,1061727.2475268245
19618,247032.7777173951
19619,861634.3689401814
19620,219549.54453475596
19621,292313.42579208687
19622,624596.1684190677
19623,275564.48226062616
19624,2776627.050234216
19625,462100.31949446205
19626,310471.0312401767
19627,802601.4093858856
19628,400285.5059030679
19629,316349.63341078686
19630,772031.6575474787
19631,312078.8105045067
19632,1077293.4586344971
19633,170379.26490234936
19634,682463.658905755
19635,921672.8567000049
19636,724829.6128398117
19637,481477.2219453071
19638,461543.3994463501
19639,388092.88469681505
19640,418484.57926998753
19641,2375992.3073513387
19642,219693.32439463047
19643,490471.1644603688
19644,296555.0698487386
19645,697589.5295140996
19646,190772.0908679145
19647,466581.44359041407
19648,274933.2429694525
19649,372480.6014073806
19650,567205.5632544085
19651,327972.0192622111
19652,591561.3613667157
19653,262864.99362644035
19654,345579.9991609439
19655,728479.1835256817
19656,1449883.483383001
19657,400096.60088461783
19658,615852.6484815773
19659,632443.0757216136
19660,758275.2119261824
19661,282557.08432941244
19662,527195.5548037976
19663,334987.9226222111
19664,307303.08792089886
19665,279955.13957571314
19666,274890.4695719193
19667,310366.80648683116
19668,676928.742383714
19669,686988.8622719779
19670,447819.52322724095
19671,203298.4908483347
19672,512595.52951454255
19673,260436.69237825385
19674,350940.9369234299
19675,260667.6886842672
19676,748748.5382371088
19677,595354.3453960778
19678,456819.2983639764
19679,396913.2427822655
19680,241565.16218887438
19681,460167.01367405866
19682,766140.942800768
19683,364569.77665294113
19684,1343205.8900200683
19685,761584.1629074075
19686,411933.8817131483
19687,334678.8055618791
19688,236328.96893506704
19689,959328.742184179
19690,708652.9868181249
19691,306447.1863224824
19692,614912.6473153547
19693,472990.31972184207
19694,373451.5123551673
19695,427080.9928027998
19696,671113.9956350849
19697,571809.9130347265
19698,1741242.1450755626
19699,633375.0014133491
19700,658004.4862796136
19701,372253.5484131685
19702,734306.9303592017
19703,335414.77992142475
19704,565064.7558116117
19705,430537.4461265904
19706,404701.61668376287
19707,389719.3526223165
19708,187569.51321891882
19709,475341.83957289543
19710,863125.5614115526
19711,312593.17686578206
19712,367861.9355744796
19713,416963.22149421036
19714,539906.1442125929
19715,520003.89672835154
19716,365143.1061264032
19717,624144.4387433234
19718,210370.69429230972
19719,392713.01765944844
19720,287102.3528695578
19721,1115737.173112129
19722,366677.969587287
19723,396163.3233011014
19724,1409884.134370194
19725,279590.48883129616
19726,335519.378001717
19727,291729.5351726036
19728,143644.5121878492
19729,609845.1752409408
19730,2059544.2738604725
19731,338476.1300559259
19732,445012.6121461411
19733,720240.5267693143
19734,444258.1361258916
19735,1184276.440734056
19736,334348.9633076202
19737,491572.52284338296
19738,412076.45894175215
19739,472886.4254397682
19740,248036.46345387807
19741,657060.3367817022
19742,466185.98380413203
19743,458354.1673005077
19744,349212.4308927477
19745,570080.3711581386
19746,190668.8217545526
19747,678821.3475588771
19748,253699.42064258194
19749,250817.10550943643
19750,748961.0835259511
19751,288683.80309124856
19752,885391.284755851
19753,837506.4044521371
19754,980889.0979362044
19755,270669.744717625
19756,371425.54718596063
19757,350640.479977403
19758,413636.7668784149
19759,345662.1257846059
19760,450158.84702646005
19761,333747.71125682275
19762,470223.8579338948
19763,213883.83679686644
19764,369614.40563545015
19765,970690.0025983026
19766,219062.73051399502
19767,530382.7251191196
19768,262176.4177458122
19769,222778.5739048479
19770,376305.91329830914
19771,285861.64901346364
19772,251990.11979333084
19773,739597.9798118923
19774,309803.9975206223
19775,510551.11982949957
19776,531234.2106817854
19777,628887.8070026367
19778,291675.3544963474
19779,342809.9595897605
19780,852995.0819033013
19781,258539.61140286506
19782,762461.7043670102
19783,413235.6721282613
19784,628086.1492722268
19785,373661.105089416
19786,249557.0082038727
19787,535515.4118871427
19788,970005.8634542451
19789,654047.0018492546
19790,505824.8339260383
19791,500316.1627122595
19792,1456539.1845877746
19793,745531.2466055367
19794,362562.407732335
19795,578041.016325791
19796,284472.54747568956
19797,738928.0528151302
19798,238932.68629380164
19799,372232.72440528305
19800,433444.22923067026
19801,576634.0701311736
19802,559516.455998321
19803,336986.0345377023
19804,1005050.0782883248
19805,311238.0586691229
19806,671491.8735513599
19807,341974.4043706785
19808,225659.35090795704
19809,651982.3564824893
19810,285582.24987348856
19811,527129.9746596613
19812,384926.0619743961
19813,1056733.7313951128
19814,567637.5371761419
19815,208246.48840746115
19816,629367.014548738
19817,791845.6313269623
19818,663555.7604569104
19819,212468.02950793033
19820,699839.1235660933
19821,416934.28801886644
19822,727911.8057240389
19823,433112.28737680864
19824,271080.5223571378
19825,369833.9087816556
19826,488020.51410723093
19827,337669.50339917484
19828,790230.0234638721
19829,397145.1153632768
19830,410069.0764343733
19831,822637.1875268327
19832,422018.2272298646
19833,611392.7106313761
19834,520071.0662660815
19835,473906.2973529761
19836,325510.41413361405
19837,365436.0835874986
19838,587030.3332760303
19839,954219.2320787947
19840,280381.12346710515
19841,236394.01265140725
19842,320112.6527952425
19843,959079.8879677517
19844,470354.12930487405
19845,757527.0058212525
19846,262072.2780647653
19847,1834504.1729243398
19848,418692.2848881238
19849,365773.18564731453
19850,359622.2869233651
19851,479124.09042277053
19852,376931.0823556637
19853,615754.1712590114
19854,255980.007891454
19855,437888.7458111733
19856,1158692.710968805
19857,499789.52760008356
19858,226725.5445167573
19859,752032.4027705756
19860,565101.9030886289
19861,279847.64362279436
19862,370216.4153097401
19863,592835.7008260626
19864,538004.1023913249
19865,223815.78724877888
19866,1319068.4455645103
19867,227242.70064669382
19868,247748.59801601266
19869,284941.7870111132
19870,423579.9709282176
19871,202398.57014280526
19872,277426.4841419893
19873,284931.8438662531
19874,222350.7422740016
19875,243258.00957810917
19876,796033.1186289539
19877,278665.64415453497
19878,353854.8205697208
19879,662439.331176046
19880,857282.657424651
19881,1205185.874642951
19882,615490.1411574677
19883,328498.9872064936
19884,269197.9701398544
19885,242445.48986440388
19886,693098.0418206557
19887,433055.99864827725
19888,184899.65368145442
19889,356177.3414784661
19890,313962.44282882573
19891,586997.3544756435
19892,433415.59182277345
19893,944008.647182966
19894,340874.8442494482
19895,583518.4747594562
19896,270624.1383346592
19897,1228499.9665578236
19898,329893.95917553065
19899,166447.90197291956
19900,1150441.6942099563
19901,1318658.0358149833
19902,265983.47194473736
19903,1662721.9697067451
19904,567226.3224833446
19905,425663.53030307405
19906,372433.34289471305
19907,229203.5029933188
19908,212604.95045919513
19909,345356.0041466294
19910,745355.7395534834
19911,931872.078561702
19912,510629.44887544867
19913,411124.6759871228
19914,734944.0712843542
19915,322298.0826267551
19916,857114.6848906601
19917,664379.2368310652
19918,380474.7911366311
19919,185507.37281803414
19920,310492.5761825537
19921,686736.7763308118
19922,167426.84146982568
19923,626652.6907586426
19924,266960.58285288134
19925,363790.8668062478
19926,337615.0169923177
19927,1241753.4346094427
19928,628433.870872393
19929,571779.3622892512
19930,1323787.2591294702
19931,493347.6290106669
19932,711307.0061875237
19933,823411.8392856213
19934,154276.83532860354
19935,381485.3074896437
19936,403849.9093893693
19937,390175.4694984012
19938,630413.590436481
19939,562323.0902068408
19940,1114467.8336496754
19941,404791.948323171
19942,605873.2387688475
19943,299068.4134154347
19944,401038.55635345355
19945,217795.53970996584
19946,499450.3873436479
19947,203759.61776373358
19948,354360.359440603
19949,685785.9293344516
19950,836215.322287898
19951,314016.91660148033
19952,423709.4569648695
19953,388670.31244025903
19954,402127.41098738165
19955,349856.90776599373
19956,221347.30029907665
19957,401907.62351124984
19958,334792.4637136295
19959,205640.68398459672
19960,341830.887249514
19961,669940.2067368897
19962,182359.06965248313
19963,369310.6466641476
19964,186639.59364251886
19965,432297.56929759454
19966,936008.5805993358
19967,273495.0106548287
19968,768940.2264991092
19969,464302.21188205923
19970,774694.6646119278
19971,317136.54367582506
19972,620136.9477414151
19973,385111.57458126044
19974,955624.1529173367
19975,1124147.2257244221
19976,277868.6842643869
19977,553955.2887355735
19978,473998.69668853126
19979,422362.15070023545
19980,265683.6892417879
19981,618120.0339429653
19982,452798.0676862268
19983,652968.4295842112
19984,493971.01543447684
19985,381164.2963419758
19986,400600.8680963292
19987,240728.2236550651
19988,339638.75685349974
19989,975494.7803436365
19990,888427.9384304518
19991,304080.6222303772
19992,198186.88935163274
19993,522537.87162883533
19994,242336.81989297186
19995,296510.8394034636
19996,750319.1972540083
19997,324154.7434801288
19998,366956.0206775227
19999,557619.8347646442
20000,659205.8063403174
20001,578731.8769058419
20002,455999.58237508684
20003,392583.7580951216
20004,433899.84548567625
20005,631893.6545345414
20006,533480.3235262338
20007,370911.8549181951
20008,467320.87732204143
20009,417160.21713337244
20010,535523.5331671947
20011,644649.0283009305
20012,190114.18039975892
20013,577640.3609928036
20014,644635.0565727104
20015,497138.00864901143
20016,181477.10805211845
20017,392059.6111805135
20018,2795432.8440513536
20019,209756.6197362361
20020,613091.8563538479
20021,303735.20232609817
20022,414332.413491718
20023,535522.3090834644
20024,568630.983745389
20025,218791.14425255873
20026,584880.8859950338
20027,199024.06643514434
20028,474789.7483113091
20029,803106.5550591643
20030,505377.68955950567
20031,505475.0898013481
20032,331840.43933332525
20033,427867.8617706476
20034,486875.9174853502
20035,664585.5162782506
20036,568313.4018905258
20037,2081064.1358835984
20038,720562.5007981303
20039,229876.65443461013
20040,319464.661544596
20041,288240.0285586299
20042,251901.32911313995
20043,294173.2022336986
20044,541594.3355289779
20045,204840.5140448551
20046,1696818.8724596417
20047,200877.41369522997
20048,606028.5803783817
20049,272246.91373095615
20050,221396.41029385966
20051,354040.82785783237
20052,226194.9674096341
20053,1446992.318249386
20054,240960.35188160284
20055,1950490.521835547
20056,232145.2191873541
20057,713287.5780114625
20058,446994.9088282548
20059,511622.7970233831
20060,856214.1479560296
20061,325421.20102960797
20062,305626.94808707305
20063,213230.80333263267
20064,345053.5607018682
20065,384664.3325656534
20066,492803.6274196119
20067,766261.9903092649
20068,747539.5365541257
20069,587726.5849063643
20070,364295.5574673529
20071,878471.9007948844
20072,656504.9144976175
20073,297557.21168330545
20074,456287.466962041
20075,307383.6973648668
20076,848502.2163115664
20077,279307.6088887019
20078,571792.9100781009
20079,345070.4897792095
20080,426189.3913042488
20081,602719.6681040807
20082,209546.218996244
20083,554452.3370205369
20084,740027.2251044436
20085,404000.882372494
20086,201443.41743745503
20087,477462.3140712459
20088,1181898.851519244
20089,363039.0929093525
20090,485282.0827047735
20091,466284.5113021545
20092,312844.9283730899
20093,672323.866698141
20094,409274.96061161516
20095,867490.8243371415
20096,1591207.9390360476
20097,329306.28645658103
20098,192722.55777421745
20099,1563409.3153207144
20100,670246.9179105994
20101,203660.24133606066
20102,476853.85145028826
20103,282734.0929806632
20104,379833.50137539464
20105,168825.57138966172
20106,643603.9675034101
20107,429118.5626216942
20108,271170.78922093846
20109,486916.6514354111
20110,410227.4284812898
20111,382529.4911465977
20112,527169.1350820302
20113,273747.4330897067
20114,298627.027970459
20115,542958.0477222643
20116,374556.1989067293
20117,495012.89083222457
20118,850086.717618154
20119,567948.2430921417
20120,718028.619732403
20121,282770.06111941446
20122,444034.86770382174
20123,348810.8452568938
20124,320926.7796601027
20125,1196474.8622414542
20126,250184.20071795673
20127,389950.77126980247
20128,235972.4549966545
20129,525578.0125927409
20130,364631.9355780341
20131,902405.4333397775
20132,368507.9688903352
20133,293483.33704161097
20134,424162.4301202795
20135,351531.94809512206
20136,239757.65984084737
20137,428531.6981879046
20138,484029.9467388823
20139,724188.5507323393
20140,585188.0929198443
20141,211824.64612066242
20142,486051.7879607199
20143,331587.4522813394
20144,568478.7618292124
20145,710411.9641160873
20146,403615.35469599644
20147,296675.90059789433
20148,705641.9599633643
20149,1561211.7789980657
20150,527266.187069899
20151,534916.8691905829
20152,215680.43586240162
20153,450452.0851322309
20154,462767.34591111843
20155,681320.1198142465
20156,405263.95130936423
20157,487904.334573962
20158,412065.4682592709
20159,442184.190242738
20160,548223.363353028
20161,382631.05110203725
20162,893559.4608190606
20163,258908.41880537046
20164,228678.97508479154
20165,246153.9994252949
20166,474336.61342361895
20167,354342.98931096675
20168,347574.47348043247
20169,1529814.1454092339
20170,348039.7047604406
20171,624001.1412607715
20172,887679.611867886
20173,302826.31283561
20174,468613.2366335346
20175,681000.6299403278
20176,233204.46082417914
20177,427381.4108630342
20178,235220.8440223454
20179,471894.72889401094
20180,287037.8195347753
20181,313940.4460530807
20182,498536.95517466374
20183,1232228.2260055828
20184,734839.7330158307
20185,951891.7749179117
20186,677500.5435930793
20187,534534.5527493312
20188,452646.4109435084
20189,908514.7795772783
20190,371473.12582568673
20191,660971.6971898346
20192,392167.66582253686
20193,223658.2126131723
20194,396783.52588692406
20195,734303.8084216055
20196,718458.1424977777
20197,283518.5498572468
20198,329235.5624000455
20199,396406.4170605831
20200,531546.9631779906
20201,299412.8113909921
20202,1663554.3043578905
20203,225353.8409893591
20204,656546.4620954863
20205,1077870.8140730776
20206,266484.0268873724
20207,1321241.7364340248
20208,461619.6347884402
20209,771631.8464623218
20210,350461.70750810835
20211,287607.439917642
20212,500514.2843634624
20213,646719.411213871
20214,281706.8728312786
20215,626000.0610848562
20216,291824.94837164663
20217,260965.0657117529
20218,653201.606602598
20219,2415043.511264998
20220,567993.1867300594
20221,315745.28235341574
20222,303960.73787997686
20223,471697.88489557797
20224,298031.9344267929
20225,440063.6861041135
20226,283254.53975567385
20227,234382.9357578082
20228,634307.4890630385
20229,462157.22369404946
20230,286944.8630737593
20231,188808.7536299599
20232,616317.7849386855
20233,221132.93856828578
20234,540604.224142579
20235,433012.70019889955
20236,442359.0394805097
20237,468538.84411512583
20238,234037.53558963776
20239,381974.2359560642
20240,608572.0881679166
20241,425488.5376923776
20242,478314.8078118307
20243,789330.0626752976
20244,203815.0178522875
20245,989057.0240926985
20246,708772.6104455593
20247,783669.2178815568
20248,385624.13072939037
20249,182047.21247756635
20250,403477.3252990235
20251,518771.33752050827
20252,513673.31111847726
20253,806575.8315049707
20254,391225.4890901519
20255,162456.52377818292
20256,346225.3405404167
20257,820795.9183952992
20258,609806.5910927289
20259,412818.0111912423
20260,590250.2435788898
20261,310033.89758328645
20262,258276.99567283792
20263,186299.30656475088
20264,734790.496509523
20265,263389.43609912996
20266,674969.4346946591
20267,272666.1529763373
20268,410589.35316684534
20269,510137.553577156
20270,656206.7979576264
20271,496820.50813368865
20272,545559.3197450057
20273,644733.3051768976
20274,479816.1255412095
20275,302314.5137087352
20276,711678.1122629351
20277,1564387.1512665935
20278,714237.4887259038
20279,676322.5143691128
20280,469048.92494215124
20281,593219.4849114851
20282,361713.36650030705
20283,405341.541991618
20284,337196.5191464912
20285,259174.70969422243
20286,239425.96497660948
20287,250372.56090187767
20288,722612.0473754035
20289,375961.7506757996
20290,627355.259135084
20291,536085.3620113623
20292,1008429.5279191858
20293,512477.2018031872
20294,632846.2651020807
20295,224125.62593963605
20296,589001.3611257828
20297,734713.6735924683
20298,346571.3051483803
20299,493220.3067082306
20300,390461.53710460424
20301,419145.70612330106
20302,678378.4888893749
20303,2127926.524527595
20304,490520.15817762923
20305,633899.8862376169
20306,510722.1581171555
20307,308448.6963543297
20308,131637.59597886587
20309,725358.2210132173
20310,699847.003337022
20311,764788.3184706001
20312,454040.6739561125
20313,1087795.5708610918
20314,183905.16881409014
20315,384031.3727781881
20316,214832.9786262047
20317,291249.8315529204
20318,1105070.5385805245
20319,285267.2830499669
20320,649473.4950009285
20321,376311.49241680274
20322,886417.8093744587
20323,226504.3248356222
20324,909281.3954806527
20325,720308.7686550372
20326,685944.879112758
20327,338715.81954162364
20328,530506.8297121457
20329,470487.73752955947
20330,488820.1291187862
20331,229301.0651460822
20332,1372426.1142775456
20333,1257440.9361126784
20334,730833.3589664648
20335,489889.98521215864
20336,749049.4656585985
20337,803336.8255598338
20338,397638.1031281299
20339,241583.56320798746
20340,576313.186201083
20341,215844.34799598745
20342,413506.55350309977
20343,939115.930523489
20344,496556.4977814476
20345,909723.8787748308
20346,490293.33405368164
20347,451796.2858968243
20348,387000.5112683717
20349,342949.7050394618
20350,823504.7358942716
20351,725687.5287358148
20352,638964.6665780186
20353,818869.7975643697
20354,538950.1108546258
20355,549558.2182232478
20356,746820.940113965
20357,1240589.0099500609
20358,715777.5297792047
20359,913412.4602912925
20360,938872.1342218126
20361,792217.5328223458
20362,186012.36138757435
20363,542025.060317605
20364,540501.7449574482
20365,266235.5398066442
20366,293580.7296680562
20367,541355.8121949426
20368,777865.458604061
20369,254978.99215243576
20370,344144.76229247847
20371,396976.16075656546
20372,222417.49652506982
20373,667330.911256497
20374,583639.3212110609
20375,282798.847400501
20376,195067.72475971308
20377,232435.6548585136
20378,459203.3011346705
20379,584571.4662040138
20380,478395.7930433655
20381,780997.9797785415
20382,433277.74328997673
20383,756249.8876824516
20384,278309.762851325
20385,389599.8016850081
20386,310675.06083219266
20387,353564.2654117312
20388,551141.3911258575
20389,311489.29163006914
20390,411391.07255205046
20391,501699.3706701615
20392,282832.61302975897
20393,684029.6753101462
20394,180320.09909222584
20395,235699.5921262712
20396,581506.6121880673
20397,624801.0607754613
20398,697143.8947134714
20399,647785.8193955536
20400,1385325.6917352201
20401,1070863.079863963
20402,213467.75597176552
20403,690321.5214462151
20404,385813.6899858894
20405,1360082.2424355766
20406,381855.25201291946
20407,188174.94854932587
20408,546405.0645385684
20409,513846.9794447624
20410,754824.6139567369
20411,597779.9396091845
20412,623041.9979055459
20413,274377.90021403594
20414,399704.0056305871
20415,302601.4662650357
20416,814868.8899104208
20417,188661.30237603214
20418,1116202.2279402127
20419,496226.8737595922
20420,416283.41112127807
20421,288385.8446377471
20422,312959.148145159
20423,298064.77177984
20424,579256.8173766581
20425,380717.25466087385
20426,2293961.249737719
20427,583924.9154244844
20428,951239.8747214187
20429,1166238.5493391445
20430,262538.6170531939
20431,734465.9996925616
20432,591488.0014876171
20433,355858.0872354236
20434,409103.18843923375
20435,264217.51351790497
20436,658150.253532065
20437,530509.2937352408
20438,386937.7181296608
20439,592795.5918093885
20440,419536.0681820528
20441,321952.5395109878
20442,819788.778148165
20443,630571.8620328878
20444,498707.06055802264
20445,207334.17047342236
20446,267266.0250803293
20447,1586979.7531299363
20448,1217514.6118439406
20449,249091.26089693423
20450,750397.724881079
20451,233933.20048734802
20452,218551.06382224383
20453,790495.6354150138
20454,178176.4397073434
20455,583871.6876457755
20456,248650.68084379542
20457,198669.2762497747
20458,266359.32516407775
20459,236181.279424638
20460,299337.57245793444
20461,483125.01325254666
20462,555622.3865165442
20463,485730.37079910503
20464,725671.9218496758
20465,370001.2993564755
20466,461292.5390755251
20467,433355.34297877713
20468,314643.9096337883
20469,460604.61555750313
20470,835873.7909490806
20471,355890.56859155424
20472,318306.03714173887
20473,678917.5116101312
20474,337693.7042983061
20475,278098.4275977329
20476,425928.9665784806
20477,213188.0228111571
20478,411444.7996173802
20479,233782.44615238314
20480,663897.4278585868
20481,950983.4251289051
20482,380800.77013722603
20483,219855.9848521592
20484,211108.08758767933
20485,416324.64969901595
20486,648539.4171214016
20487,304441.1669621095
20488,453347.79787608323
20489,279876.8023843552
20490,358145.6754304033
20491,1736871.1684438493
20492,437535.6695495169
20493,363358.62989015953
20494,552764.8739467332
20495,206571.76407447923
20496,513866.60707314964
20497,569760.208335887
20498,351234.5957140562
20499,676898.221822913
20500,445040.6709746943
20501,191555.4970932384
20502,381980.37179055274
20503,359963.45832134865
20504,512687.96791415784
20505,337847.93802921043
20506,255607.69640473367
20507,591330.043914472
20508,381390.29783527245
20509,359583.3595826593
20510,2025779.1613776833
20511,293172.8134698192
20512,584386.4016180198
20513,484055.8876557417
20514,252264.20444391193
20515,750768.2147003216
20516,251720.31023586943
20517,2528073.0652566054
20518,451730.55413027114
20519,300919.3443301332
20520,333939.80592072365
20521,315488.7380000609
20522,439255.27286819904
20523,262160.5648571512
20524,386873.20495633665
20525,285733.73424481606
20526,268765.7626959139
20527,324967.4005484028
20528,417575.59727878525
20529,269366.1537267452
20530,1138026.470811638
20531,250782.77877280855
20532,796437.5859219665
20533,378250.182457871
20534,1468667.1273730593
20535,623104.9616942089
20536,500164.9453905849
20537,241243.6026102127
20538,1029413.276715452
20539,372498.91478283657
20540,624329.345319434
20541,720026.0969353879
20542,907586.6649528173
20543,355452.4540390572
20544,1002965.497222335
20545,247787.56609505686
20546,519973.98131398764
20547,814917.7386858668
20548,432664.42222233076
20549,519537.7312767952
20550,1498928.9008487782
20551,228118.4166055333
20552,768052.2564449046
20553,327920.01971316716
20554,334027.9638811107
20555,864633.2805483306
20556,2317926.955772908
20557,242901.1182321771
20558,311669.69806292804
20559,832013.4856829414
20560,285569.5749140089
20561,329841.6918549422
20562,188342.86202542097
20563,730085.025650085
20564,239368.39642599956
20565,608086.427605558
20566,565464.6107424202
20567,200081.79021113875
20568,422657.66963611526
20569,293924.3299469815
20570,604351.4237736759
20571,470529.1162945891
20572,533648.7088062565
20573,313464.08305160713
20574,182139.47316998377
20575,259613.6374388426
20576,504580.0879478364
20577,557340.5597932629
20578,161206.43091760678
20579,738643.5260075307
20580,267529.9579818757
20581,506151.0609184332
20582,845137.5709678334
20583,322666.34463411634
20584,1258703.7112948454
20585,715147.6989077083
20586,576073.5592527458
20587,329077.05004211655
20588,656122.2142495643
20589,198969.3596678608
20590,483533.81717256346
20591,645176.799980243
20592,606966.4706056629
20593,427797.0203737202
20594,584873.8467072252
20595,435299.2981543313
20596,264255.6308383567
20597,896163.929886252
20598,487911.7446020036
20599,691828.4833692593
20600,208291.20569680864
20601,675875.2192349477
20602,697280.3930193085
20603,327391.6645612402
20604,309959.40100193175
20605,404023.5881634846
20606,678266.0159658587
20607,473809.8781444978
20608,317050.24296201306
20609,419214.31391557987
20610,446016.98053930607
20611,454055.9722342037
20612,736835.1622155224
20613,249962.43629082444
20614,1441008.6729168957
20615,673860.8092725773
20616,196377.84230649585
20617,723347.8226949864
20618,529389.8040430015
20619,368674.5678181721
20620,526003.5281887304
20621,215416.57237755464
20622,454176.03222085006
20623,401631.1860887891
20624,343229.1973390049
20625,498496.79948164755
20626,347849.07760904223
20627,399879.87604760204
20628,272781.1624643791
20629,400815.1683347885
20630,238549.84768434663
20631,693650.1647239119
20632,477327.3531480714
20633,455881.5737436225
20634,706269.6882885233
20635,270047.76176643674
20636,324205.87778233906
20637,841399.8497581765
20638,386594.17784830095
20639,418057.3540360732
20640,194362.1180755496
20641,296960.0576956113
20642,446545.52393814386
20643,367894.5971478479
20644,314675.4498811882
20645,649974.9910275617
20646,445770.01360677654
20647,241079.4067989368
20648,1087982.8863308248
20649,240072.85744107745
20650,608207.5293406114
20651,719609.538470047
20652,546474.7413517871
20653,718553.4679143177
20654,623867.4743026403
20655,468691.5044993041
20656,506233.6458446203
20657,2082526.620716983
20658,1061274.095066904
20659,422662.2831974837
20660,221010.61939463962
20661,482370.1018944898
20662,710122.2865919776
20663,469416.68375478516
20664,575128.2069267172
20665,602071.658555262
20666,235666.92083887066
20667,589662.267576552
20668,527805.6744082463
20669,358407.9282017535
20670,289007.2541512118
20671,608919.5416849368
20672,605347.0593200654
20673,462633.84436251625
20674,531344.068234896
20675,448167.5488829085
20676,1479131.4888457898
20677,405227.23971236456
20678,424146.2851918122
20679,623696.5150635699
20680,439629.24518559483
20681,941684.1571309159
20682,668635.136004703
20683,377095.77298258885
20684,344805.53447707597
20685,262170.71352630627
20686,313235.0333400686
20687,842206.6930530343
20688,338438.6932810738
20689,292813.4283441334
20690,365578.0413529966
20691,692564.9442193552
20692,463359.1186615921
20693,339570.29777860024
20694,617454.7689556333
20695,513879.68049327936
20696,658999.7147578425
20697,327533.27238434803
20698,561810.9335903861
20699,830562.6454297334
20700,658653.277493005
20701,400058.1981704203
20702,732580.2087268642
20703,232401.80707059492
20704,611542.6531922623
20705,426571.7560817477
20706,889334.9077583847
20707,257046.57368341222
20708,321105.2935204044
20709,339897.10733145976
20710,430506.4874128871
20711,422520.9722833023
20712,1205101.0477233436
20713,756086.7025619615
20714,435021.0817354926
20715,610602.4108736546
20716,446644.0126254925
20717,629366.9718940536
20718,608995.599752876
20719,1401639.295198921
20720,487906.74542224535
20721,906094.8392632442
20722,446577.4060147493
20723,1383463.8654438732
20724,182652.82820019854
20725,397207.2575737121
20726,210264.55410646775
20727,407205.59976833017
20728,366311.28728104173
20729,318567.70078362967
20730,2438453.775248518
20731,419189.88103358535
20732,602021.4355047283
20733,842631.6960185869
20734,635066.023168015
20735,344632.19032799976
20736,712164.9595589105
20737,408632.4717853288
20738,337406.40905998665
20739,582173.1867769203
20740,273663.30830514507
20741,628055.1881894872
20742,769239.6049326294
20743,445991.44432681485
20744,346707.2941111428
20745,746342.2080566937
20746,812151.3284860745
20747,296004.9163831096
20748,179236.70850733673
20749,557834.6731975371
20750,524792.6987467932
20751,562798.0674910235
20752,206625.62767468308
20753,158710.546999995
20754,913121.0544761702
20755,594109.2037211836
20756,932893.9221488506
20757,627359.8024402538
20758,536391.6466294206
20759,425711.7570821378
20760,535263.4888653603
20761,615539.5001265885
20762,391730.6741829322
20763,239061.0338380982
20764,426028.24659319123
20765,480212.50017578766
20766,751880.8478195176
20767,794032.5924959366
20768,298651.1186705985
20769,351976.50046448066
20770,278114.6316083999
20771,1099769.5818239844
20772,324411.56406060955
20773,838268.356288501
20774,497957.7489029457
20775,422515.08150227735
20776,446044.98744483216
20777,244668.85580942105
20778,341709.97982868913
20779,826819.3511085146
20780,194892.1475099405
20781,184911.41902256175
20782,369996.9154467338
20783,733041.0963382379
20784,1018575.3858157537
20785,304176.4576751415
20786,904657.3182784852
20787,509323.01977284014
20788,794037.9735862288
20789,477105.8973259516
20790,556028.5685546944
20791,867561.9902487993
20792,687775.1524274941
20793,309929.56503203086
20794,196733.7344359075
20795,1049983.9268818053
20796,263822.5508520025
20797,260717.16770088946
20798,637916.2417224052
20799,272495.0106539103
20800,687623.0741052493
20801,336970.24833763664
20802,367147.9461028515
20803,502271.0746353117
20804,510980.7722788229
20805,619449.8460749567
20806,506250.3218088292
20807,167450.85066436758
20808,268860.56867351866
20809,368305.6717010091
20810,750618.2798704674
20811,827792.695406966
20812,271112.2493772496
20813,403038.8044448926
20814,316051.54590702796
20815,581865.1902211765
20816,654854.958755638
20817,1451788.8266647381
20818,622459.3056509773
20819,375347.7492343935
20820,225435.41921341908
20821,298982.7189713633
20822,479025.9166811264
20823,312382.9762156117
20824,176807.03811180443
20825,406046.1073279439
20826,217464.0643438911
20827,634123.3703307911
20828,308899.9061163175
20829,271024.7539085089
20830,742424.2553149308
20831,735627.3673724281
20832,823615.0250803491
20833,1333311.634436674
20834,486900.96994255
20835,706401.8734944386
20836,746916.5102108115
20837,433216.0444629195
20838,393910.94738197356
20839,207396.41952562734
20840,487371.0954116102
20841,233548.07378226364
20842,303039.91388863395
20843,637245.309643308
20844,538875.8012941799
20845,555359.412047095
20846,231537.6260316429
20847,521367.29889934644
20848,494308.6333617775
20849,629926.167608405
20850,528316.877681589
20851,205938.03063105902
20852,227174.73494674158
20853,223096.78733907844
20854,579050.4902597922
20855,531458.0630865231
20856,482491.41814406036
20857,205502.3183812915
20858,367752.7876707905
20859,670406.9965308089
20860,427254.4737728009
20861,737168.7353975562
20862,298475.7731781031
20863,592779.9993712517
20864,327599.44677981426
20865,514965.675732278
20866,377947.5662537241
20867,257419.3117015314
20868,308634.0774375112
20869,389613.55692745233
20870,323880.315686284
20871,288905.03225177067
20872,596740.8861557564
20873,849328.5599493348
20874,331322.76686075894
20875,490952.8910045746
20876,246618.34973510893
20877,433542.5663518075
20878,282712.2173659223
20879,721255.1879086761
20880,349272.93821652635
20881,300523.6549340634
20882,420052.78030417114
20883,223151.8069515882
20884,1932377.9869338041
20885,433519.837192429
20886,1480447.3483918677
20887,543413.7473419961
20888,536283.6946752399
20889,291991.7059288508
20890,490241.0265387292
20891,525210.3667365542
20892,357040.6547537882
20893,499814.27238732623
20894,680416.9044847223
20895,490482.2373155286
20896,260840.17472632736
20897,329415.4128288498
20898,755547.9941055601
20899,297085.23860583187
20900,308320.93218270503
20901,1214439.6252036865
20902,561568.9874347274
20903,725857.1630973043
20904,479604.3518406849
20905,554860.2705183263
20906,464443.6844322185
20907,455522.4893704867
20908,231571.26374013638
20909,583011.7665121261
20910,719228.2588605186
20911,794880.1797556111
20912,337235.5425101478
20913,495590.6184790824
20914,360570.4306541252
20915,491143.8776048608
20916,313202.61664405535
20917,293444.3072276365
20918,381742.1103819268
20919,406877.81513328024
20920,339929.776509396
20921,769114.342961368
20922,374332.2914847118
20923,528602.3418393467
20924,601167.7527109861
20925,995578.0138500938
20926,975440.8902025819
20927,316861.0071967235
20928,348670.8232094671
20929,326311.8593281982
20930,314972.6417887109
20931,629803.9615849851
20932,596949.7044911532
20933,867634.3890087248
20934,486074.704240322
20935,482991.278788961
20936,396434.2126610683
20937,1279708.9279761475
20938,801194.6958472315
20939,331174.2020671829
20940,305783.86516407295
20941,443406.42169334285
20942,449188.0996844519
20943,362907.64039250993
20944,570644.3342205986
20945,621692.2586090374
20946,297505.916010531
20947,1041211.9294179225
20948,695966.8920970173
20949,294330.40844993654
20950,533283.9342438914
20951,484227.3358612523
20952,451053.7459011758
20953,1120005.2118513477
20954,362036.79576349905
20955,650484.3228056551
20956,575936.0821144409
20957,703194.8451496152
20958,593698.79645684
20959,742464.9302214724
20960,361145.2927059255
20961,503749.6678993837
20962,620728.9309879178
20963,513798.6258820471
20964,998297.7418965993
20965,261217.43500427023
20966,432975.04271277494
20967,397056.5492979839
20968,431905.07753686386
20969,391014.94205783115
20970,2405539.923361555
20971,320318.5680714004
20972,522559.6633102091
20973,431885.12940762134
20974,931365.2388270563
20975,1104581.3810479047
20976,391079.5406954917
20977,331112.78234926425
20978,1511239.1115909852
20979,567571.9203357912
20980,335642.84742237726
20981,386696.8826378197
20982,525379.0600480889
20983,638688.2781701337
20984,410672.41646599426
20985,1024158.4265548495
20986,434884.3882152497
20987,889694.0793557878
20988,633681.9091453059
20989,373918.1491087769
20990,435225.7513843858
20991,334811.13715525
20992,497429.27174918744
20993,611697.1547066414
20994,592283.878516829
20995,1137268.3661186658
20996,827260.6854396787
20997,788829.3197917346
20998,412988.85286624
20999,469455.81106353505
21000,278842.5934270985
21001,320398.8459499573
21002,330965.4267221665
21003,298648.56493506953
21004,417492.7569615888
21005,839461.4423857926
21006,766834.4006496166
21007,946690.4491037403
21008,729065.894111428
21009,408658.0347352588
21010,1387903.9904517126
21011,346768.22348392155
21012,1110617.0957537962
21013,626929.0821474224
21014,318361.2402826705
21015,363717.3712239105
21016,269400.0466954564
21017,448216.40817662474
21018,569836.0053295408
21019,1897970.3771453076
21020,407942.85710919794
21021,777975.8333428856
21022,482295.7073011672
21023,829339.9073061364
21024,430267.9078909659
21025,246764.12331314507
21026,1268384.2463150139
21027,344790.4429002972
21028,501801.81832554657
21029,404434.42054297414
21030,602164.8051034102
21031,443297.6073752881
21032,467783.0278235705
21033,811165.3966503973
21034,337833.83798145154
21035,511323.2768897774
21036,576827.9253574304
21037,699775.0821882547
21038,730214.6849473168
21039,507379.6707797474
21040,1890560.6069391782
21041,537260.6467480696
21042,458815.6025955115
21043,1106479.1195841916
21044,385293.489399652
21045,391306.0312322978
21046,1903017.0088523703
21047,284058.089762547
21048,531118.8303037116
21049,437594.5306814919
21050,779956.6424481865
21051,594615.0760656958
21052,302949.9956344812
21053,968926.6543573526
21054,540784.5063493102
21055,429690.1382322729
21056,421878.5527351263
21057,411685.4175453269
21058,791537.6036643365
21059,856537.5135137081
21060,343256.55396724906
21061,475985.4100919813
21062,575837.9356528759
21063,527562.8122054328
21064,901876.176400112
21065,319865.8709154777
21066,716252.9352856964
21067,446830.1930186999
21068,1430133.9657167192
21069,573115.8230444334
21070,436042.66394760116
21071,913481.9687400821
21072,1746872.2798673566
21073,277408.6983649065
21074,570603.027728008
21075,473300.3897850454
21076,574091.2484453963
21077,955009.0273266968
21078,764694.9407870008
21079,706503.2022966547
21080,368941.7987321664
21081,333925.43443266605
21082,1008031.9255689037
21083,420251.26472021133
21084,505821.209004852
21085,373541.87100411404
21086,873777.7868078122
21087,528694.1527827389
21088,523893.2676407515
21089,691866.9145045051
21090,383858.38809214556
21091,618001.5149339882
21092,1950217.2910510104
21093,823303.4194190772
21094,525438.3749685192
21095,300548.74847439217
21096,311175.1604434655
21097,500938.9296803405
21098,559797.322497089
21099,366193.2403871785
21100,1130505.4863813696
21101,289181.18456956017
21102,340442.5510077707
21103,801922.9930302412
21104,806433.8705693241
21105,403022.6580477831
21106,337728.9255539428
21107,329139.76318378927
21108,357428.43082670367
21109,468979.23284281004
21110,715354.4252442409
21111,491973.69019532145
21112,265543.0604244131
21113,1222075.1764467927
21114,637779.7355744885
21115,322779.2387811918
21116,417743.24439081346
21117,345367.1313398519
21118,395645.95315157523
21119,453548.83792770014
21120,529106.2762791609
21121,366117.89509700576
21122,807594.3470106917
21123,1066288.4597681072
21124,1132115.5999684548
21125,421880.10499020404
21126,271639.6969429719
21127,632576.8588374587
21128,316126.7459554471
21129,714635.6706467848
21130,763334.2933595619
21131,995401.0057645795
21132,649111.6903804729
21133,510726.97991078626
21134,592593.3345009811
21135,921864.5695148703
21136,484086.5670512163
21137,336058.5152154453
21138,404305.81892964896
21139,314157.3274261765
21140,606776.5450813948
21141,480301.0401957834
21142,512403.42357753916
21143,479374.3633627925
21144,451458.66843441915
21145,357768.62930792465
21146,619375.2233180284
21147,545955.8390413773
21148,568320.8866389021
21149,723681.9570696724
21150,1072339.6029767047
21151,996372.0920574815
21152,353441.7811976639
21153,569136.9426579544
21154,276019.78269329417
21155,369565.1958638098
21156,370213.2118862377
21157,715364.1031233612
21158,358999.06697327335
21159,384301.33069493884
21160,393725.24474071694
21161,815357.8150017455
21162,858731.5166454196
21163,651630.6144316904
21164,479005.6213828574
21165,381252.288449412
21166,454313.1458866766
21167,366287.9270297096
21168,369304.1798668124
21169,445289.29916428745
21170,777887.6402311366
21171,859852.2844369769
21172,376255.7888972728
21173,590687.3882968458
21174,768138.3828333355
21175,537183.4627554637
21176,329020.94418554904
21177,429081.32016219967
21178,414543.36792393774
21179,656199.5642450277
21180,1383464.365537329
21181,465372.79109137814
21182,523282.3538506439
21183,598297.3089528074
21184,418892.2151897329
21185,565393.5367285425
21186,1745215.8189291959
21187,547790.6244881751
21188,837372.1028224648
21189,860698.2409773113
21190,1978000.5304424048
21191,417457.30090415047
21192,321370.47776071564
21193,381782.6047773491
21194,440388.20062723075
21195,540889.1521084334
21196,485423.0469606622
21197,348442.5536186058
21198,374590.09498474136
21199,487493.397023357
21200,300929.43523977685
21201,493636.2555488407
21202,1389593.940073958
21203,272776.0489281154
21204,313227.65994623315
21205,776713.608987739
21206,265154.41014597035
21207,1009521.3885627763
21208,429735.3019711402
21209,838109.3497947649
21210,388222.00198390085
21211,475948.14487836114
21212,549087.6533390436
21213,685321.4854078885
21214,329062.8171222075
21215,313949.5682862038
21216,299727.0757484142
21217,292130.9792076741
21218,572505.1994352259
21219,991057.4556425131
21220,1571202.3774069827
21221,961604.5487045383
21222,356966.3063565907
21223,610031.096029579
21224,559115.2776889852
21225,348966.4049419489
21226,637393.5988572278
21227,745466.2211448302
21228,463801.25422508176
21229,505436.1747400453
21230,718254.2096989594
21231,333865.6060713742
21232,382476.0880420353
21233,391072.70935572335
21234,393124.3685074689
21235,298570.9040477107
21236,386153.6714763904
21237,986309.2462230107
21238,885043.3313862848
21239,303165.934384851
21240,962072.6784984128
21241,254110.01592667366
21242,528748.6785585288
21243,441980.1532267223
21244,1367974.5645961775
21245,559611.6782883832
21246,431247.7915741759
21247,279488.7481015459
21248,551981.6325094588
21249,447849.58019400894
21250,273274.545068221
21251,563441.5666493233
21252,930646.7138038735
21253,375113.1155778961
21254,430406.8345383547
21255,1208715.3877981903
21256,671098.4048148537
21257,455490.02166516
21258,533304.4310659874
21259,511066.5478868143
21260,422921.5826707731
21261,485788.5179330935
21262,1089606.2870564484
21263,293214.9293870922
21264,717488.1570648404
21265,375730.72288475686
21266,255467.36514948795
21267,911552.0177940705
21268,314361.5039960018
21269,781854.4201023872
21270,502332.2197853505
21271,337851.0704244527
21272,773756.152329193
21273,445532.75517532194
21274,531263.8921090508
21275,786446.6542424608
21276,285110.2078487002
21277,425858.9837425931
21278,530242.8117450546
21279,1075002.639318196
21280,367437.68843245483
21281,895296.5348488739
21282,515486.5138498192
21283,1126303.8387166602
21284,375434.43281901727
21285,481996.16327653924
21286,401384.98319227406
21287,540290.902225489
21288,398865.0863463894
21289,653937.6253796298
21290,919529.7433621534
21291,386418.8618362197
21292,502604.92083063954
21293,307853.08019084303
21294,319578.0866844682
21295,797472.0938346813
21296,388423.6232864027
21297,372539.04747775284
21298,705865.8269189271
21299,969717.569173645
21300,496116.1108909621
21301,840233.7725833006
21302,854461.3291034596
21303,299930.3507310334
21304,539590.9810400361
21305,625710.1586685656
21306,402515.2466046162
21307,348935.15353788325
21308,351209.86709529354
21309,405987.04924800503
21310,914665.3501067582
21311,808750.2053445876
21312,283950.4439202397
21313,524119.91866689705
21314,541338.1711366914
21315,331529.82039294305
21316,1547281.3075090018
21317,457460.0403842814
21318,368940.77613576414
21319,278493.8164754499
21320,1035921.7841344079
21321,749095.5581402191
21322,465829.3692259318
21323,819069.4958350579
21324,365037.62272108824
21325,159107.44372444286
21326,525203.4954293813
21327,316362.30131579115
21328,371951.1016395
21329,1390930.8541984458
21330,617683.6939390709
21331,260557.2916290774
21332,311739.072747068
21333,467817.46894708945
21334,707064.6247638145
21335,467110.3559461135
21336,603849.9976494153
21337,1030053.4183384312
21338,894105.081607272
21339,330817.9741747484
21340,478534.82071595814
21341,605967.3674719105
21342,287861.6952888311
21343,335053.62420682906
21344,449042.0553566061
21345,430689.40155415965
21346,676633.2691487807
21347,721870.3000111768
21348,451745.47458162694
21349,942468.4211247053
21350,495264.7618239598
21351,965422.0652487314
21352,743147.8741889632
21353,269391.9704074773
21354,352862.0590685132
21355,530747.3303150684
21356,2888078.5372898974
21357,482062.53218801523
21358,280985.7410187521
21359,290971.6891366485
21360,594884.2786109883
21361,641033.2105111799
21362,632724.1817054055
21363,236605.90533548244
21364,408244.5312455595
21365,523279.5831325548
21366,849500.3510963045
21367,709300.7744287894
21368,439380.67940379883
21369,220975.52207376776
21370,368870.86460272624
21371,547053.5062331263
21372,421564.75623983215
21373,1454361.6519618486
21374,327086.55007420125
21375,450265.3694872133
21376,475729.9256102268
21377,524854.656638338
21378,342289.3741761424
21379,294952.17340984015
21380,596103.9011706419
21381,330402.1035318509
21382,272269.2170602408
21383,250834.89391485573
21384,1312172.2261664406
21385,860629.9878615763
21386,549191.7927529966
21387,1848238.1706301228
21388,808512.8832110843
21389,1103438.8141928753
21390,337585.31940189406
21391,703967.8828867453
21392,980282.7861412743
21393,691463.49237541
21394,1563006.9860169499
21395,602100.6870593199
21396,272875.7635629345
21397,742777.5157395627
21398,865843.576226402
21399,867905.8352425625
21400,386773.9879604316
21401,399376.2082503033
21402,464648.819779347
21403,860324.222846498
21404,362090.06793180027
21405,425778.44713661727
21406,403848.46960839326
21407,293729.66052321985
21408,877647.7306478084
21409,494267.3564497355
21410,683917.304310661
21411,338051.35135293746
21412,404631.1336368325
21413,694445.3250550594
21414,322846.0028387478
21415,658680.4601546767
21416,422547.53993146983
21417,494118.1267236655
21418,424991.69759901415
21419,480355.7524842446
21420,874665.1111581898
21421,494301.2572025443
21422,468402.15174440964
21423,444944.8956740289
21424,371392.7306796473
21425,1976869.9681998033
21426,794657.7884047335
21427,1373487.6765659694
21428,1215017.6770617182
21429,332056.7045716973
21430,324321.1703016942
21431,316837.6362536855
21432,514651.71648711566
21433,458100.174635551
21434,372286.46568117844
21435,436826.75153901713
21436,1595749.1325780924
21437,693607.1124571619
21438,459718.0553996843
21439,657337.9333278545
21440,860874.2311413225
21441,267113.58283206145
21442,1614540.3502240744
21443,409781.67654446076
21444,422931.3229651906
21445,347966.9298889966
21446,348059.46117501304
21447,811377.950537166
21448,309289.1794799567
21449,341527.6603631456
21450,443022.9200612373
21451,340725.5359135488
21452,870467.4971247218
21453,717617.4087830528
21454,287073.36192968953
21455,416193.02558457886
21456,661885.8543650277
21457,506357.1538896266
21458,501811.52650090953
21459,401472.08214066486
21460,331558.43149759684
21461,721599.5220979721
21462,369851.1976362075
21463,404024.6830330449
21464,865002.2265756194
21465,247303.51986342724
21466,324633.63010043534
21467,409789.4043487733
21468,473638.3024996192
21469,1310291.665794861
21470,481050.00835195294
21471,573381.1207356557
21472,374363.5717973214
21473,474110.23513213865
21474,1577626.2786791325
21475,2296280.215062527
21476,368690.66475753376
21477,1934525.4316976208
21478,486422.00343080034
21479,1268004.0687201398
21480,1410949.2987566795
21481,553220.4276413029
21482,610204.9576676567
21483,296738.2182618804
21484,538000.3469042908
21485,243032.671639123
21486,563254.6340091198
21487,603602.7074372561
21488,670217.2283254372
21489,347945.85830960114
21490,269191.0676596156
21491,2197737.6483218367
21492,638442.4253868306
21493,361011.1778670914
21494,455486.74333009537
21495,512266.2868703973
21496,537440.084954764
21497,466661.85317789845
21498,241535.0778087621
21499,408146.6112275646
21500,461942.936989446
21501,332649.7430429266
21502,429350.5232376966
